alpha,cash,dix,gamma,i_value,index,p_value,simrun,time
0.5,86293.0,13714,0.8,1006190391,SP500_50,1006525400.0,1,1464332400
0.5,946225347.0,13715,0.8,1011186619,SP500_50,60909442.0,1,1464678000
0.5,51.0,13716,0.8,1000920869,SP500_50,1006291907.0,1,1464764400
0.5,29717610.0,13717,0.8,1005943662,SP500_50,988302528.0,1,1464850800
0.5,25502085.0,13718,0.8,1011813772,SP500_50,993715149.0,1,1464937200
0.5,3306249.0,13719,0.8,1011422249,SP500_50,1028624236.0,1,1465196400
0.5,18.0,13720,0.8,1026523381,SP500_50,1037456233.0,1,1465282800
0.5,18.0,13721,0.8,1025177104,SP500_50,1039281363.0,1,1465369200
0.5,18.0,13722,0.8,1031392617,SP500_50,1045278220.0,1,1465455600
0.5,7.0,13723,0.8,1039956054,SP500_50,1055706211.0,1,1465542000
0.5,4424236.0,13724,0.8,1036276536,SP500_50,1050685604.0,1,1465801200
0.5,515617444.0,13725,0.8,1041812178,SP500_50,540844103.0,1,1465887600
0.5,2920667.0,13726,0.8,1040020386,SP500_50,1064431745.0,1,1465974000
0.5,2920667.0,13727,0.8,1048368589,SP500_50,1067496528.0,1,1466060400
0.5,4.0,13728,0.8,1054537566,SP500_50,1077754143.0,1,1466146800
0.5,0.0,13729,0.8,1055509995,SP500_50,1080444294.0,1,1466406000
0.5,12277658.0,13730,0.8,1062915019,SP500_50,1078514651.0,1,1466492400
0.5,420332710.0,13731,0.8,1064774809,SP500_50,673974189.0,1,1466578800
0.5,411102220.0,13732,0.8,1078875508,SP500_50,694575587.0,1,1466665200
0.5,21.0,13733,0.8,1068655598,SP500_50,1098047858.0,1,1466751600
0.5,42814816.0,13734,0.8,1074642139,SP500_50,1062442130.0,1,1467010800
0.5,58676863.0,13735,0.8,1078059464,SP500_50,1051299594.0,1,1467097200
0.5,257624728.0,13736,0.8,1088763794,SP500_50,871772686.0,1,1467183600
0.5,271356832.0,13737,0.8,1105473997,SP500_50,874985119.0,1,1467270000
0.5,15679217.0,13738,0.8,1112871811,SP500_50,1148174074.0,1,1467356400
0.5,27.0,13739,0.8,1112427854,SP500_50,1146612950.0,1,1467702000
0.5,15537615.0,13740,0.8,1113939185,SP500_50,1153256220.0,1,1467788400
0.5,7.0,13741,0.8,1096207299,SP500_50,1184884945.0,1,1467874800
0.5,1217086243.0,13742,0.8,1106798909,SP500_50,0.0,1,1467961200
0.5,16.0,13743,0.8,1105905005,SP500_50,1209436323.0,1,1468220400
0.5,644064468.0,13744,0.8,1102492703,SP500_50,592116776.0,1,1468306800
0.5,770782.0,13745,0.8,1110806746,SP500_50,1240183691.0,1,1468393200
0.5,770782.0,13746,0.8,1112553582,SP500_50,1251078567.0,1,1468479600
0.5,331367439.0,13747,0.8,1114348372,SP500_50,921477070.0,1,1468566000
0.5,1225194656.0,13748,0.8,1114267041,SP500_50,14036335.0,1,1468825200
0.5,308343550.0,13749,0.8,1110232803,SP500_50,927686742.0,1,1468911600
0.5,580992.0,13750,0.8,1109329489,SP500_50,1238382906.0,1,1468998000
0.5,13037324.0,13751,0.8,1104467990,SP500_50,1233445760.0,1,1469084400
0.5,16.0,13752,0.8,1119117311,SP500_50,1263617203.0,1,1469170800
0.5,1239309877.0,13753,0.8,1114342198,SP500_50,13847384.0,1,1469430000
0.5,314592072.0,13754,0.8,1097764208,SP500_50,935288884.0,1,1469516400
0.5,152568323.0,13755,0.8,1104802688,SP500_50,1100797546.0,1,1469602800
0.5,152568323.0,13756,0.8,1097480583,SP500_50,1098949649.0,1,1469689200
0.5,14000752.0,13757,0.8,1112026137,SP500_50,1253507866.0,1,1469775600
0.5,12049071.0,13758,0.8,1101351331,SP500_50,1273019102.0,1,1470034800
0.5,12049071.0,13759,0.8,1095333635,SP500_50,1244778721.0,1,1470121200
0.5,627206.0,13760,0.8,1094418406,SP500_50,1258439136.0,1,1470207600
0.5,23.0,13761,0.8,1093636843,SP500_50,1239873891.0,1,1470294000
0.5,23.0,13762,0.8,1091898914,SP500_50,1247214916.0,1,1470380400
0.5,23.0,13763,0.8,1089855956,SP500_50,1267466021.0,1,1470639600
0.5,23.0,13764,0.8,1092311890,SP500_50,1269491132.0,1,1470726000
0.5,23.0,13765,0.8,1095242035,SP500_50,1272022520.0,1,1470812400
0.5,23.0,13766,0.8,1098004297,SP500_50,1269237993.0,1,1470898800
0.5,23.0,13767,0.8,1093947760,SP500_50,1258859302.0,1,1470985200
0.5,2542302.0,13768,0.8,1090416526,SP500_50,1245726202.0,1,1471244400
0.5,5685089.0,13769,0.8,1068199579,SP500_50,1229468529.0,1,1471330800
0.5,574256233.0,13770,0.8,1069773763,SP500_50,659184144.0,1,1471417200
0.5,31502752.0,13771,0.8,1061319659,SP500_50,1194974289.0,1,1471503600
0.5,494301787.0,13772,0.8,1052277609,SP500_50,721818851.0,1,1471590000
0.5,985719.0,13773,0.8,1052000925,SP500_50,1214141773.0,1,1471849200
0.5,61805242.0,13774,0.8,1052509686,SP500_50,1154123253.0,1,1471935600
0.5,29.0,13775,0.8,1052195689,SP500_50,1217006376.0,1,1472022000
0.5,550302221.0,13776,0.8,1056465572,SP500_50,670693087.0,1,1472108400
0.5,2555953.0,13777,0.8,1045128487,SP500_50,1212835425.0,1,1472194800
0.5,676119689.0,13778,0.8,1053224234,SP500_50,546752692.0,1,1472454000
0.5,563318295.0,13779,0.8,1049878068,SP500_50,658072726.0,1,1472540400
0.5,32739831.0,13780,0.8,1049600565,SP500_50,1193795487.0,1,1472626800
0.5,1072223984.0,13781,0.8,1052400823,SP500_50,156479781.0,1,1472713200
0.5,35799268.0,13782,0.8,1055593151,SP500_50,1192786018.0,1,1472799600
0.5,577484991.0,13783,0.8,1065128546,SP500_50,656232415.0,1,1473145200
0.5,1236385214.0,13784,0.8,1067712485,SP500_50,0.0,1,1473231600
0.5,41.0,13785,0.8,1065740395,SP500_50,1243042530.0,1,1473318000
0.5,14.0,13786,0.8,1029308204,SP500_50,1227868192.0,1,1473404400
0.5,41762389.0,13787,0.8,1049901648,SP500_50,1202651827.0,1,1473663600
0.5,88040125.0,13788,0.8,1029189261,SP500_50,1130379652.0,1,1473750000
0.5,242128.0,13789,0.8,1028019468,SP500_50,1219497663.0,1,1473836400
0.5,387.0,13790,0.8,1039163486,SP500_50,1231744246.0,1,1473922800
0.5,51.0,13791,0.8,1034708772,SP500_50,1220316275.0,1,1474009200
0.5,13363535.0,13792,0.8,1027789570,SP500_50,1218933625.0,1,1474268400
0.5,292936305.0,13793,0.8,1025730786,SP500_50,940525003.0,1,1474354800
0.5,63.0,13794,0.8,1038821575,SP500_50,1244235554.0,1,1474441200
0.5,681275383.0,13795,0.8,1050461528,SP500_50,575821312.0,1,1474527600
0.5,2417081.0,13796,0.8,1054286421,SP500_50,1257842047.0,1,1474614000
0.5,2417081.0,13797,0.8,1048572012,SP500_50,1252795999.0,1,1474873200
0.5,4727715.0,13798,0.8,1055540367,SP500_50,1268669178.0,1,1474959600
0.5,1256475094.0,13799,0.8,1038607642,SP500_50,0.0,1,1475046000
0.5,7611399.0,13800,0.8,1036367226,SP500_50,1250237789.0,1,1475132400
0.5,1624354.0,13801,0.8,1033266850,SP500_50,1250486866.0,1,1475218800
0.5,1624354.0,13802,0.8,1034219714,SP500_50,1255016804.0,1,1475478000
0.5,9588.0,13803,0.8,1017087739,SP500_50,1233084353.0,1,1475564400
0.5,37.0,13804,0.8,1005275040,SP500_50,1227846494.0,1,1475650800
0.5,285040094.0,13805,0.8,1004431528,SP500_50,940560494.0,1,1475737200
0.5,26447143.0,13806,0.8,1000449243,SP500_50,1222506153.0,1,1475823600
0.5,210861.0,13807,0.8,1004553631,SP500_50,1253727852.0,1,1476082800
0.5,39.0,13808,0.8,1002421988,SP500_50,1248887009.0,1,1476169200
0.5,300009883.0,13809,0.8,1008096595,SP500_50,956583962.0,1,1476255600
0.5,251059.0,13810,0.8,1008094548,SP500_50,1256849494.0,1,1476342000
0.5,298426022.0,13811,0.8,1006779974,SP500_50,955594198.0,1,1476428400
0.5,6606625.0,13812,0.8,1008540225,SP500_50,1247663491.0,1,1476687600
0.5,6836.0,13813,0.8,1010431188,SP500_50,1252497414.0,1,1476774000
0.5,36140891.0,13814,0.8,1012475297,SP500_50,1206543975.0,1,1476860400
0.5,401375.0,13815,0.8,992375224,SP500_50,1221693414.0,1,1476946800
0.5,9513615.0,13816,0.8,969690285,SP500_50,1159718274.0,1,1477033200
0.5,31146121.0,13817,0.8,962197535,SP500_50,1131597272.0,1,1477292400
0.5,124978248.0,13818,0.8,956849249,SP500_50,1032959584.0,1,1477378800
0.5,189472084.0,13819,0.8,951337789,SP500_50,973899681.0,1,1477465200
0.5,209225767.0,13820,0.8,967594843,SP500_50,956777838.0,1,1477551600
0.5,398598.0,13821,0.8,965148127,SP500_50,1165611492.0,1,1477638000
0.5,135602220.0,13822,0.8,964868514,SP500_50,1037591888.0,1,1477897200
0.5,155013572.0,13823,0.8,954587679,SP500_50,1010910110.0,1,1477983600
0.5,205670727.0,13824,0.8,942500572,SP500_50,952848028.0,1,1478070000
0.5,86293.0,13714,0.8,1010356334,SP500_50,1006525400.0,2,1464332400
0.5,946225347.0,13715,0.8,1015421522,SP500_50,60909442.0,2,1464678000
0.5,51.0,13716,0.8,1005112779,SP500_50,1006291907.0,2,1464764400
0.5,29717610.0,13717,0.8,1010156607,SP500_50,988302528.0,2,1464850800
0.5,25502085.0,13718,0.8,1016051302,SP500_50,993715149.0,2,1464937200
0.5,3306249.0,13719,0.8,1015658139,SP500_50,1028624236.0,2,1465196400
0.5,18.0,13720,0.8,1030822516,SP500_50,1037456233.0,2,1465282800
0.5,18.0,13721,0.8,1029470600,SP500_50,1039281363.0,2,1465369200
0.5,18.0,13722,0.8,1035712145,SP500_50,1045278220.0,2,1465455600
0.5,7.0,13723,0.8,1044311446,SP500_50,1055706211.0,2,1465542000
0.5,4424236.0,13724,0.8,1040616518,SP500_50,1050685604.0,2,1465801200
0.5,515617444.0,13725,0.8,1046175343,SP500_50,540844103.0,2,1465887600
0.5,2920667.0,13726,0.8,1044376047,SP500_50,1064431745.0,2,1465974000
0.5,2920667.0,13727,0.8,1052759213,SP500_50,1067496528.0,2,1466060400
0.5,4.0,13728,0.8,1058954026,SP500_50,1077754143.0,2,1466146800
0.5,0.0,13729,0.8,1059930527,SP500_50,1080444294.0,2,1466406000
0.5,12277658.0,13730,0.8,1067366564,SP500_50,1078514651.0,2,1466492400
0.5,420332710.0,13731,0.8,1069234143,SP500_50,673974189.0,2,1466578800
0.5,411102220.0,13732,0.8,1083393897,SP500_50,694575587.0,2,1466665200
0.5,21.0,13733,0.8,1073131184,SP500_50,1098047858.0,2,1466751600
0.5,42814816.0,13734,0.8,1079142798,SP500_50,1062442130.0,2,1467010800
0.5,58676863.0,13735,0.8,1082574435,SP500_50,1051299594.0,2,1467097200
0.5,257624728.0,13736,0.8,1093323595,SP500_50,871772686.0,2,1467183600
0.5,271356832.0,13737,0.8,1110103781,SP500_50,874985119.0,2,1467270000
0.5,15679217.0,13738,0.8,1117532578,SP500_50,1148174074.0,2,1467356400
0.5,27.0,13739,0.8,1117086761,SP500_50,1146612950.0,2,1467702000
0.5,15537615.0,13740,0.8,1118604422,SP500_50,1153256220.0,2,1467788400
0.5,7.0,13741,0.8,1100798274,SP500_50,1184884945.0,2,1467874800
0.5,1217086243.0,13742,0.8,1111434242,SP500_50,0.0,2,1467961200
0.5,16.0,13743,0.8,1110536595,SP500_50,1209436323.0,2,1468220400
0.5,644064468.0,13744,0.8,1107110001,SP500_50,592116776.0,2,1468306800
0.5,770782.0,13745,0.8,1115458864,SP500_50,1240183691.0,2,1468393200
0.5,770782.0,13746,0.8,1117213016,SP500_50,1251078567.0,2,1468479600
0.5,331367439.0,13747,0.8,1119015322,SP500_50,921477070.0,2,1468566000
0.5,1225194656.0,13748,0.8,1118933651,SP500_50,14036335.0,2,1468825200
0.5,308343550.0,13749,0.8,1114882517,SP500_50,927686742.0,2,1468911600
0.5,580992.0,13750,0.8,1113975420,SP500_50,1238382906.0,2,1468998000
0.5,13037324.0,13751,0.8,1109093561,SP500_50,1233445760.0,2,1469084400
0.5,16.0,13752,0.8,1123804234,SP500_50,1263617203.0,2,1469170800
0.5,1239309877.0,13753,0.8,1119009123,SP500_50,13847384.0,2,1469430000
0.5,314592072.0,13754,0.8,1102361703,SP500_50,935288884.0,2,1469516400
0.5,152568323.0,13755,0.8,1109429661,SP500_50,1100797546.0,2,1469602800
0.5,152568323.0,13756,0.8,1102076890,SP500_50,1098949649.0,2,1469689200
0.5,14000752.0,13757,0.8,1116683362,SP500_50,1253507866.0,2,1469775600
0.5,12049071.0,13758,0.8,1105963849,SP500_50,1273019102.0,2,1470034800
0.5,12049071.0,13759,0.8,1099920950,SP500_50,1244778721.0,2,1470121200
0.5,627206.0,13760,0.8,1099001888,SP500_50,1258439136.0,2,1470207600
0.5,23.0,13761,0.8,1098217053,SP500_50,1239873891.0,2,1470294000
0.5,23.0,13762,0.8,1096471845,SP500_50,1247214916.0,2,1470380400
0.5,23.0,13763,0.8,1094420331,SP500_50,1267466021.0,2,1470639600
0.5,23.0,13764,0.8,1096886550,SP500_50,1269491132.0,2,1470726000
0.5,23.0,13765,0.8,1099828967,SP500_50,1272022520.0,2,1470812400
0.5,23.0,13766,0.8,1102602797,SP500_50,1269237993.0,2,1470898800
0.5,23.0,13767,0.8,1098529271,SP500_50,1258859302.0,2,1470985200
0.5,2542302.0,13768,0.8,1094983248,SP500_50,1245726202.0,2,1471244400
0.5,5685089.0,13769,0.8,1072673256,SP500_50,1229468529.0,2,1471330800
0.5,574256233.0,13770,0.8,1074254032,SP500_50,659184144.0,2,1471417200
0.5,31502752.0,13771,0.8,1065764523,SP500_50,1194974289.0,2,1471503600
0.5,494301787.0,13772,0.8,1056684604,SP500_50,721818851.0,2,1471590000
0.5,985719.0,13773,0.8,1056406761,SP500_50,1214141773.0,2,1471849200
0.5,61805242.0,13774,0.8,1056917653,SP500_50,1154123253.0,2,1471935600
0.5,29.0,13775,0.8,1056602340,SP500_50,1217006376.0,2,1472022000
0.5,550302221.0,13776,0.8,1060890106,SP500_50,670693087.0,2,1472108400
0.5,2555953.0,13777,0.8,1049505541,SP500_50,1212835425.0,2,1472194800
0.5,676119689.0,13778,0.8,1057635194,SP500_50,546752692.0,2,1472454000
0.5,563318295.0,13779,0.8,1054275013,SP500_50,658072726.0,2,1472540400
0.5,32739831.0,13780,0.8,1053996348,SP500_50,1193795487.0,2,1472626800
0.5,1072223984.0,13781,0.8,1056808334,SP500_50,156479781.0,2,1472713200
0.5,35799268.0,13782,0.8,1060014032,SP500_50,1192786018.0,2,1472799600
0.5,577484991.0,13783,0.8,1069589361,SP500_50,656232415.0,2,1473145200
0.5,1236385214.0,13784,0.8,1072184122,SP500_50,0.0,2,1473231600
0.5,41.0,13785,0.8,1070203773,SP500_50,1243042530.0,2,1473318000
0.5,14.0,13786,0.8,1033619001,SP500_50,1227868192.0,2,1473404400
0.5,41762389.0,13787,0.8,1054298692,SP500_50,1202651827.0,2,1473663600
0.5,88040125.0,13788,0.8,1033499561,SP500_50,1130379652.0,2,1473750000
0.5,242128.0,13789,0.8,1032324869,SP500_50,1219497663.0,2,1473836400
0.5,387.0,13790,0.8,1043515559,SP500_50,1231744246.0,2,1473922800
0.5,51.0,13791,0.8,1039042188,SP500_50,1220316275.0,2,1474009200
0.5,13363535.0,13792,0.8,1032094007,SP500_50,1218933625.0,2,1474268400
0.5,292936305.0,13793,0.8,1030026601,SP500_50,940525003.0,2,1474354800
0.5,63.0,13794,0.8,1043172215,SP500_50,1244235554.0,2,1474441200
0.5,681275383.0,13795,0.8,1054860917,SP500_50,575821312.0,2,1474527600
0.5,2417081.0,13796,0.8,1058701829,SP500_50,1257842047.0,2,1474614000
0.5,2417081.0,13797,0.8,1052963487,SP500_50,1252795999.0,2,1474873200
0.5,4727715.0,13798,0.8,1059961026,SP500_50,1268669178.0,2,1474959600
0.5,1256475094.0,13799,0.8,1042957386,SP500_50,0.0,2,1475046000
0.5,7611399.0,13800,0.8,1040707587,SP500_50,1250237789.0,2,1475132400
0.5,1624354.0,13801,0.8,1037594227,SP500_50,1250486866.0,2,1475218800
0.5,1624354.0,13802,0.8,1038551081,SP500_50,1255016804.0,2,1475478000
0.5,9588.0,13803,0.8,1021347357,SP500_50,1233084353.0,2,1475564400
0.5,37.0,13804,0.8,1009485185,SP500_50,1227846494.0,2,1475650800
0.5,285040094.0,13805,0.8,1008638141,SP500_50,940560494.0,2,1475737200
0.5,26447143.0,13806,0.8,1004639177,SP500_50,1222506153.0,2,1475823600
0.5,210861.0,13807,0.8,1008760755,SP500_50,1253727852.0,2,1476082800
0.5,39.0,13808,0.8,1006620185,SP500_50,1248887009.0,2,1476169200
0.5,300009883.0,13809,0.8,1012318557,SP500_50,956583962.0,2,1476255600
0.5,251059.0,13810,0.8,1012316502,SP500_50,1256849494.0,2,1476342000
0.5,298426022.0,13811,0.8,1010996423,SP500_50,955594198.0,2,1476428400
0.5,6606625.0,13812,0.8,1012764045,SP500_50,1247663491.0,2,1476687600
0.5,6836.0,13813,0.8,1014662928,SP500_50,1252497414.0,2,1476774000
0.5,36140891.0,13814,0.8,1016715598,SP500_50,1206543975.0,2,1476860400
0.5,401375.0,13815,0.8,996531345,SP500_50,1221693414.0,2,1476946800
0.5,9513615.0,13816,0.8,973751400,SP500_50,1159718274.0,2,1477033200
0.5,31146121.0,13817,0.8,966227270,SP500_50,1131597272.0,2,1477292400
0.5,124978248.0,13818,0.8,960856585,SP500_50,1032959584.0,2,1477378800
0.5,189472084.0,13819,0.8,955322042,SP500_50,973899681.0,2,1477465200
0.5,209225767.0,13820,0.8,971647181,SP500_50,956777838.0,2,1477551600
0.5,398598.0,13821,0.8,969190218,SP500_50,1165611492.0,2,1477638000
0.5,135602220.0,13822,0.8,968909435,SP500_50,1037591888.0,2,1477897200
0.5,155013572.0,13823,0.8,958585543,SP500_50,1010910110.0,2,1477983600
0.5,205670727.0,13824,0.8,946447815,SP500_50,952848028.0,2,1478070000
0.5,86293.0,13714,0.8,1014587760,SP500_50,1006525400.0,3,1464332400
0.5,946225347.0,13715,0.8,1019674162,SP500_50,60909442.0,3,1464678000
0.5,51.0,13716,0.8,1009322245,SP500_50,1006291907.0,3,1464764400
0.5,29717610.0,13717,0.8,1014387197,SP500_50,988302528.0,3,1464850800
0.5,25502085.0,13718,0.8,1020306579,SP500_50,993715149.0,3,1464937200
0.5,3306249.0,13719,0.8,1019911769,SP500_50,1028624236.0,3,1465196400
0.5,18.0,13720,0.8,1035139656,SP500_50,1037456233.0,3,1465282800
0.5,18.0,13721,0.8,1033782078,SP500_50,1039281363.0,3,1465369200
0.5,18.0,13722,0.8,1040049762,SP500_50,1045278220.0,3,1465455600
0.5,7.0,13723,0.8,1048685078,SP500_50,1055706211.0,3,1465542000
0.5,4424236.0,13724,0.8,1044974675,SP500_50,1050685604.0,3,1465801200
0.5,515617444.0,13725,0.8,1050556781,SP500_50,540844103.0,3,1465887600
0.5,2920667.0,13726,0.8,1048749949,SP500_50,1064431745.0,3,1465974000
0.5,2920667.0,13727,0.8,1057168224,SP500_50,1067496528.0,3,1466060400
0.5,4.0,13728,0.8,1063388982,SP500_50,1077754143.0,3,1466146800
0.5,0.0,13729,0.8,1064369573,SP500_50,1080444294.0,3,1466406000
0.5,12277658.0,13730,0.8,1071836752,SP500_50,1078514651.0,3,1466492400
0.5,420332710.0,13731,0.8,1073712152,SP500_50,673974189.0,3,1466578800
0.5,411102220.0,13732,0.8,1087931208,SP500_50,694575587.0,3,1466665200
0.5,21.0,13733,0.8,1077625515,SP500_50,1098047858.0,3,1466751600
0.5,42814816.0,13734,0.8,1083662305,SP500_50,1062442130.0,3,1467010800
0.5,58676863.0,13735,0.8,1087108314,SP500_50,1051299594.0,3,1467097200
0.5,257624728.0,13736,0.8,1097902492,SP500_50,871772686.0,3,1467183600
0.5,271356832.0,13737,0.8,1114752955,SP500_50,874985119.0,3,1467270000
0.5,15679217.0,13738,0.8,1122212864,SP500_50,1148174074.0,3,1467356400
0.5,27.0,13739,0.8,1121765180,SP500_50,1146612950.0,3,1467702000
0.5,15537615.0,13740,0.8,1123289197,SP500_50,1153256220.0,3,1467788400
0.5,7.0,13741,0.8,1105408475,SP500_50,1184884945.0,3,1467874800
0.5,1217086243.0,13742,0.8,1116088988,SP500_50,0.0,3,1467961200
0.5,16.0,13743,0.8,1115187581,SP500_50,1209436323.0,3,1468220400
0.5,644064468.0,13744,0.8,1111746637,SP500_50,592116776.0,3,1468306800
0.5,770782.0,13745,0.8,1120130465,SP500_50,1240183691.0,3,1468393200
0.5,770782.0,13746,0.8,1121891963,SP500_50,1251078567.0,3,1468479600
0.5,331367439.0,13747,0.8,1123701818,SP500_50,921477070.0,3,1468566000
0.5,1225194656.0,13748,0.8,1123619804,SP500_50,14036335.0,3,1468825200
0.5,308343550.0,13749,0.8,1119551705,SP500_50,927686742.0,3,1468911600
0.5,580992.0,13750,0.8,1118640808,SP500_50,1238382906.0,3,1468998000
0.5,13037324.0,13751,0.8,1113738504,SP500_50,1233445760.0,3,1469084400
0.5,16.0,13752,0.8,1128510786,SP500_50,1263617203.0,3,1469170800
0.5,1239309877.0,13753,0.8,1123695593,SP500_50,13847384.0,3,1469430000
0.5,314592072.0,13754,0.8,1106978453,SP500_50,935288884.0,3,1469516400
0.5,152568323.0,13755,0.8,1114076012,SP500_50,1100797546.0,3,1469602800
0.5,152568323.0,13756,0.8,1106692447,SP500_50,1098949649.0,3,1469689200
0.5,14000752.0,13757,0.8,1121360091,SP500_50,1253507866.0,3,1469775600
0.5,12049071.0,13758,0.8,1110595685,SP500_50,1273019102.0,3,1470034800
0.5,12049071.0,13759,0.8,1104527478,SP500_50,1244778721.0,3,1470121200
0.5,627206.0,13760,0.8,1103604567,SP500_50,1258439136.0,3,1470207600
0.5,23.0,13761,0.8,1102816444,SP500_50,1239873891.0,3,1470294000
0.5,23.0,13762,0.8,1101063927,SP500_50,1247214916.0,3,1470380400
0.5,23.0,13763,0.8,1099003822,SP500_50,1267466021.0,3,1470639600
0.5,23.0,13764,0.8,1101480369,SP500_50,1269491132.0,3,1470726000
0.5,23.0,13765,0.8,1104435109,SP500_50,1272022520.0,3,1470812400
0.5,23.0,13766,0.8,1107220557,SP500_50,1269237993.0,3,1470898800
0.5,23.0,13767,0.8,1103129970,SP500_50,1258859302.0,3,1470985200
0.5,2542302.0,13768,0.8,1099569096,SP500_50,1245726202.0,3,1471244400
0.5,5685089.0,13769,0.8,1077165669,SP500_50,1229468529.0,3,1471330800
0.5,574256233.0,13770,0.8,1078753065,SP500_50,659184144.0,3,1471417200
0.5,31502752.0,13771,0.8,1070228001,SP500_50,1194974289.0,3,1471503600
0.5,494301787.0,13772,0.8,1061110056,SP500_50,721818851.0,3,1471590000
0.5,985719.0,13773,0.8,1060831049,SP500_50,1214141773.0,3,1471849200
0.5,61805242.0,13774,0.8,1061344080,SP500_50,1154123253.0,3,1471935600
0.5,29.0,13775,0.8,1061027447,SP500_50,1217006376.0,3,1472022000
0.5,550302221.0,13776,0.8,1065333170,SP500_50,670693087.0,3,1472108400
0.5,2555953.0,13777,0.8,1053900926,SP500_50,1212835425.0,3,1472194800
0.5,676119689.0,13778,0.8,1062064626,SP500_50,546752692.0,3,1472454000
0.5,563318295.0,13779,0.8,1058690373,SP500_50,658072726.0,3,1472540400
0.5,32739831.0,13780,0.8,1058410541,SP500_50,1193795487.0,3,1472626800
0.5,1072223984.0,13781,0.8,1061234303,SP500_50,156479781.0,3,1472713200
0.5,35799268.0,13782,0.8,1064453427,SP500_50,1192786018.0,3,1472799600
0.5,577484991.0,13783,0.8,1074068858,SP500_50,656232415.0,3,1473145200
0.5,1236385214.0,13784,0.8,1076674486,SP500_50,0.0,3,1473231600
0.5,41.0,13785,0.8,1074685843,SP500_50,1243042530.0,3,1473318000
0.5,14.0,13786,0.8,1037947853,SP500_50,1227868192.0,3,1473404400
0.5,41762389.0,13787,0.8,1058714151,SP500_50,1202651827.0,3,1473663600
0.5,88040125.0,13788,0.8,1037827912,SP500_50,1130379652.0,3,1473750000
0.5,242128.0,13789,0.8,1036648300,SP500_50,1219497663.0,3,1473836400
0.5,387.0,13790,0.8,1047885857,SP500_50,1231744246.0,3,1473922800
0.5,51.0,13791,0.8,1043393752,SP500_50,1220316275.0,3,1474009200
0.5,13363535.0,13792,0.8,1036416472,SP500_50,1218933625.0,3,1474268400
0.5,292936305.0,13793,0.8,1034340407,SP500_50,940525003.0,3,1474354800
0.5,63.0,13794,0.8,1047541076,SP500_50,1244235554.0,3,1474441200
0.5,681275383.0,13795,0.8,1059278731,SP500_50,575821312.0,3,1474527600
0.5,2417081.0,13796,0.8,1063135729,SP500_50,1257842047.0,3,1474614000
0.5,2417081.0,13797,0.8,1057373355,SP500_50,1252795999.0,3,1474873200
0.5,4727715.0,13798,0.8,1064400199,SP500_50,1268669178.0,3,1474959600
0.5,1256475094.0,13799,0.8,1047325347,SP500_50,0.0,3,1475046000
0.5,7611399.0,13800,0.8,1045066126,SP500_50,1250237789.0,3,1475132400
0.5,1624354.0,13801,0.8,1041939727,SP500_50,1250486866.0,3,1475218800
0.5,1624354.0,13802,0.8,1042900588,SP500_50,1255016804.0,3,1475478000
0.5,9588.0,13803,0.8,1025624814,SP500_50,1233084353.0,3,1475564400
0.5,37.0,13804,0.8,1013712963,SP500_50,1227846494.0,3,1475650800
0.5,285040094.0,13805,0.8,1012862371,SP500_50,940560494.0,3,1475737200
0.5,26447143.0,13806,0.8,1008846660,SP500_50,1222506153.0,3,1475823600
0.5,210861.0,13807,0.8,1012985499,SP500_50,1253727852.0,3,1476082800
0.5,39.0,13808,0.8,1010835964,SP500_50,1248887009.0,3,1476169200
0.5,300009883.0,13809,0.8,1016558201,SP500_50,956583962.0,3,1476255600
0.5,251059.0,13810,0.8,1016556137,SP500_50,1256849494.0,3,1476342000
0.5,298426022.0,13811,0.8,1015230530,SP500_50,955594198.0,3,1476428400
0.5,6606625.0,13812,0.8,1017005555,SP500_50,1247663491.0,3,1476687600
0.5,6836.0,13813,0.8,1018912390,SP500_50,1252497414.0,3,1476774000
0.5,36140891.0,13814,0.8,1020973657,SP500_50,1206543975.0,3,1476860400
0.5,401375.0,13815,0.8,1000704871,SP500_50,1221693414.0,3,1476946800
0.5,9513615.0,13816,0.8,977829522,SP500_50,1159718274.0,3,1477033200
0.5,31146121.0,13817,0.8,970273881,SP500_50,1131597272.0,3,1477292400
0.5,124978248.0,13818,0.8,964880703,SP500_50,1032959584.0,3,1477378800
0.5,189472084.0,13819,0.8,959322982,SP500_50,973899681.0,3,1477465200
0.5,209225767.0,13820,0.8,975716492,SP500_50,956777838.0,3,1477551600
0.5,398598.0,13821,0.8,973249239,SP500_50,1165611492.0,3,1477638000
0.5,135602220.0,13822,0.8,972967279,SP500_50,1037591888.0,3,1477897200
0.5,155013572.0,13823,0.8,962600151,SP500_50,1010910110.0,3,1477983600
0.5,205670727.0,13824,0.8,950411589,SP500_50,952848028.0,3,1478070000
0.5,86293.0,13714,0.8,1018836908,SP500_50,1006525400.0,4,1464332400
0.5,946225347.0,13715,0.8,1023944612,SP500_50,60909442.0,4,1464678000
0.5,51.0,13716,0.8,1013549341,SP500_50,1006291907.0,4,1464764400
0.5,29717610.0,13717,0.8,1018635505,SP500_50,988302528.0,4,1464850800
0.5,25502085.0,13718,0.8,1024579677,SP500_50,993715149.0,4,1464937200
0.5,3306249.0,13719,0.8,1024183214,SP500_50,1028624236.0,4,1465196400
0.5,18.0,13720,0.8,1039474876,SP500_50,1037456233.0,4,1465282800
0.5,18.0,13721,0.8,1038111613,SP500_50,1039281363.0,4,1465369200
0.5,18.0,13722,0.8,1044405546,SP500_50,1045278220.0,4,1465455600
0.5,7.0,13723,0.8,1053077027,SP500_50,1055706211.0,4,1465542000
0.5,4424236.0,13724,0.8,1049351085,SP500_50,1050685604.0,4,1465801200
0.5,515617444.0,13725,0.8,1054956569,SP500_50,540844103.0,4,1465887600
0.5,2920667.0,13726,0.8,1053142170,SP500_50,1064431745.0,4,1465974000
0.5,2920667.0,13727,0.8,1061595701,SP500_50,1067496528.0,4,1466060400
0.5,4.0,13728,0.8,1067842511,SP500_50,1077754143.0,4,1466146800
0.5,0.0,13729,0.8,1068827210,SP500_50,1080444294.0,4,1466406000
0.5,12277658.0,13730,0.8,1076325661,SP500_50,1078514651.0,4,1466492400
0.5,420332710.0,13731,0.8,1078208916,SP500_50,673974189.0,4,1466578800
0.5,411102220.0,13732,0.8,1092487522,SP500_50,694575587.0,4,1466665200
0.5,21.0,13733,0.8,1082138668,SP500_50,1098047858.0,4,1466751600
0.5,42814816.0,13734,0.8,1088200741,SP500_50,1062442130.0,4,1467010800
0.5,58676863.0,13735,0.8,1091661182,SP500_50,1051299594.0,4,1467097200
0.5,257624728.0,13736,0.8,1102500567,SP500_50,871772686.0,4,1467183600
0.5,271356832.0,13737,0.8,1119421599,SP500_50,874985119.0,4,1467270000
0.5,15679217.0,13738,0.8,1126912751,SP500_50,1148174074.0,4,1467356400
0.5,27.0,13739,0.8,1126463192,SP500_50,1146612950.0,4,1467702000
0.5,15537615.0,13740,0.8,1127993592,SP500_50,1153256220.0,4,1467788400
0.5,7.0,13741,0.8,1110037985,SP500_50,1184884945.0,4,1467874800
0.5,1217086243.0,13742,0.8,1120763228,SP500_50,0.0,4,1467961200
0.5,16.0,13743,0.8,1119858046,SP500_50,1209436323.0,4,1468220400
0.5,644064468.0,13744,0.8,1116402691,SP500_50,592116776.0,4,1468306800
0.5,770782.0,13745,0.8,1124821631,SP500_50,1240183691.0,4,1468393200
0.5,770782.0,13746,0.8,1126590507,SP500_50,1251078567.0,4,1468479600
0.5,331367439.0,13747,0.8,1128407941,SP500_50,921477070.0,4,1468566000
0.5,1225194656.0,13748,0.8,1128325584,SP500_50,14036335.0,4,1468825200
0.5,308343550.0,13749,0.8,1124240447,SP500_50,927686742.0,4,1468911600
0.5,580992.0,13750,0.8,1123325735,SP500_50,1238382906.0,4,1468998000
0.5,13037324.0,13751,0.8,1118402900,SP500_50,1233445760.0,4,1469084400
0.5,16.0,13752,0.8,1133237049,SP500_50,1263617203.0,4,1469170800
0.5,1239309877.0,13753,0.8,1128401690,SP500_50,13847384.0,4,1469430000
0.5,314592072.0,13754,0.8,1111614538,SP500_50,935288884.0,4,1469516400
0.5,152568323.0,13755,0.8,1118741821,SP500_50,1100797546.0,4,1469602800
0.5,152568323.0,13756,0.8,1111327334,SP500_50,1098949649.0,4,1469689200
0.5,14000752.0,13757,0.8,1126056407,SP500_50,1253507866.0,4,1469775600
0.5,12049071.0,13758,0.8,1115246919,SP500_50,1273019102.0,4,1470034800
0.5,12049071.0,13759,0.8,1109153298,SP500_50,1244778721.0,4,1470121200
0.5,627206.0,13760,0.8,1108226522,SP500_50,1258439136.0,4,1470207600
0.5,23.0,13761,0.8,1107435098,SP500_50,1239873891.0,4,1470294000
0.5,23.0,13762,0.8,1105675242,SP500_50,1247214916.0,4,1470380400
0.5,23.0,13763,0.8,1103606508,SP500_50,1267466021.0,4,1470639600
0.5,23.0,13764,0.8,1106093428,SP500_50,1269491132.0,4,1470726000
0.5,23.0,13765,0.8,1109060542,SP500_50,1272022520.0,4,1470812400
0.5,23.0,13766,0.8,1111857655,SP500_50,1269237993.0,4,1470898800
0.5,23.0,13767,0.8,1107749938,SP500_50,1258859302.0,4,1470985200
0.5,2542302.0,13768,0.8,1104174150,SP500_50,1245726202.0,4,1471244400
0.5,5685089.0,13769,0.8,1081676896,SP500_50,1229468529.0,4,1471330800
0.5,574256233.0,13770,0.8,1083270941,SP500_50,659184144.0,4,1471417200
0.5,31502752.0,13771,0.8,1074710173,SP500_50,1194974289.0,4,1471503600
0.5,494301787.0,13772,0.8,1065554041,SP500_50,721818851.0,4,1471590000
0.5,985719.0,13773,0.8,1065273866,SP500_50,1214141773.0,4,1471849200
0.5,61805242.0,13774,0.8,1065789046,SP500_50,1154123253.0,4,1471935600
0.5,29.0,13775,0.8,1065471087,SP500_50,1217006376.0,4,1472022000
0.5,550302221.0,13776,0.8,1069794842,SP500_50,670693087.0,4,1472108400
0.5,2555953.0,13777,0.8,1058314719,SP500_50,1212835425.0,4,1472194800
0.5,676119689.0,13778,0.8,1066512609,SP500_50,546752692.0,4,1472454000
0.5,563318295.0,13779,0.8,1063124225,SP500_50,658072726.0,4,1472540400
0.5,32739831.0,13780,0.8,1062843221,SP500_50,1193795487.0,4,1472626800
0.5,1072223984.0,13781,0.8,1065678809,SP500_50,156479781.0,4,1472713200
0.5,35799268.0,13782,0.8,1068911415,SP500_50,1192786018.0,4,1472799600
0.5,577484991.0,13783,0.8,1078567116,SP500_50,656232415.0,4,1473145200
0.5,1236385214.0,13784,0.8,1081183657,SP500_50,0.0,4,1473231600
0.5,41.0,13785,0.8,1079186685,SP500_50,1243042530.0,4,1473318000
0.5,14.0,13786,0.8,1042294834,SP500_50,1227868192.0,4,1473404400
0.5,41762389.0,13787,0.8,1063148102,SP500_50,1202651827.0,4,1473663600
0.5,88040125.0,13788,0.8,1042174391,SP500_50,1130379652.0,4,1473750000
0.5,242128.0,13789,0.8,1040989839,SP500_50,1219497663.0,4,1473836400
0.5,387.0,13790,0.8,1052274459,SP500_50,1231744246.0,4,1473922800
0.5,51.0,13791,0.8,1047763540,SP500_50,1220316275.0,4,1474009200
0.5,13363535.0,13792,0.8,1040757039,SP500_50,1218933625.0,4,1474268400
0.5,292936305.0,13793,0.8,1038672280,SP500_50,940525003.0,4,1474354800
0.5,63.0,13794,0.8,1051928234,SP500_50,1244235554.0,4,1474441200
0.5,681275383.0,13795,0.8,1063715047,SP500_50,575821312.0,4,1474527600
0.5,2417081.0,13796,0.8,1067588198,SP500_50,1257842047.0,4,1474614000
0.5,2417081.0,13797,0.8,1061801691,SP500_50,1252795999.0,4,1474873200
0.5,4727715.0,13798,0.8,1068857964,SP500_50,1268669178.0,4,1474959600
0.5,1256475094.0,13799,0.8,1051711602,SP500_50,0.0,4,1475046000
0.5,7611399.0,13800,0.8,1049442919,SP500_50,1250237789.0,4,1475132400
0.5,1624354.0,13801,0.8,1046303426,SP500_50,1250486866.0,4,1475218800
0.5,1624354.0,13802,0.8,1047268311,SP500_50,1255016804.0,4,1475478000
0.5,9588.0,13803,0.8,1029920185,SP500_50,1233084353.0,4,1475564400
0.5,37.0,13804,0.8,1017958447,SP500_50,1227846494.0,4,1475650800
0.5,285040094.0,13805,0.8,1017104292,SP500_50,940560494.0,4,1475737200
0.5,26447143.0,13806,0.8,1013071764,SP500_50,1222506153.0,4,1475823600
0.5,210861.0,13807,0.8,1017227936,SP500_50,1253727852.0,4,1476082800
0.5,39.0,13808,0.8,1015069399,SP500_50,1248887009.0,4,1476169200
0.5,300009883.0,13809,0.8,1020815601,SP500_50,956583962.0,4,1476255600
0.5,251059.0,13810,0.8,1020813528,SP500_50,1256849494.0,4,1476342000
0.5,298426022.0,13811,0.8,1019482369,SP500_50,955594198.0,4,1476428400
0.5,6606625.0,13812,0.8,1021264828,SP500_50,1247663491.0,4,1476687600
0.5,6836.0,13813,0.8,1023179650,SP500_50,1252497414.0,4,1476774000
0.5,36140891.0,13814,0.8,1025249549,SP500_50,1206543975.0,4,1476860400
0.5,401375.0,13815,0.8,1004895876,SP500_50,1221693414.0,4,1476946800
0.5,9513615.0,13816,0.8,981924725,SP500_50,1159718274.0,4,1477033200
0.5,31146121.0,13817,0.8,974337440,SP500_50,1131597272.0,4,1477292400
0.5,124978248.0,13818,0.8,968921675,SP500_50,1032959584.0,4,1477378800
0.5,189472084.0,13819,0.8,963340678,SP500_50,973899681.0,4,1477465200
0.5,209225767.0,13820,0.8,979802844,SP500_50,956777838.0,4,1477551600
0.5,398598.0,13821,0.8,977325258,SP500_50,1165611492.0,4,1477638000
0.5,135602220.0,13822,0.8,977042118,SP500_50,1037591888.0,4,1477897200
0.5,155013572.0,13823,0.8,966631572,SP500_50,1010910110.0,4,1477983600
0.5,205670727.0,13824,0.8,954391963,SP500_50,952848028.0,4,1478070000
0.5,86293.0,13714,0.8,1023103851,SP500_50,1006525400.0,5,1464332400
0.5,946225347.0,13715,0.8,1028232946,SP500_50,60909442.0,5,1464678000
0.5,51.0,13716,0.8,1017794139,SP500_50,1006291907.0,5,1464764400
0.5,29717610.0,13717,0.8,1022901605,SP500_50,988302528.0,5,1464850800
0.5,25502085.0,13718,0.8,1028870672,SP500_50,993715149.0,5,1464937200
0.5,3306249.0,13719,0.8,1028472548,SP500_50,1028624236.0,5,1465196400
0.5,18.0,13720,0.8,1043828252,SP500_50,1037456233.0,5,1465282800
0.5,18.0,13721,0.8,1042459279,SP500_50,1039281363.0,5,1465369200
0.5,18.0,13722,0.8,1048779572,SP500_50,1045278220.0,5,1465455600
0.5,7.0,13723,0.8,1057487369,SP500_50,1055706211.0,5,1465542000
0.5,4424236.0,13724,0.8,1053745823,SP500_50,1050685604.0,5,1465801200
0.5,515617444.0,13725,0.8,1059374783,SP500_50,540844103.0,5,1465887600
0.5,2920667.0,13726,0.8,1057552786,SP500_50,1064431745.0,5,1465974000
0.5,2920667.0,13727,0.8,1066041721,SP500_50,1067496528.0,5,1466060400
0.5,4.0,13728,0.8,1072314693,SP500_50,1077754143.0,5,1466146800
0.5,0.0,13729,0.8,1073303515,SP500_50,1080444294.0,5,1466406000
0.5,12277658.0,13730,0.8,1080833370,SP500_50,1078514651.0,5,1466492400
0.5,420332710.0,13731,0.8,1082724513,SP500_50,673974189.0,5,1466578800
0.5,411102220.0,13732,0.8,1097062918,SP500_50,694575587.0,5,1466665200
0.5,21.0,13733,0.8,1086670722,SP500_50,1098047858.0,5,1466751600
0.5,42814816.0,13734,0.8,1092758183,SP500_50,1062442130.0,5,1467010800
0.5,58676863.0,13735,0.8,1096233117,SP500_50,1051299594.0,5,1467097200
0.5,257624728.0,13736,0.8,1107117898,SP500_50,871772686.0,5,1467183600
0.5,271356832.0,13737,0.8,1124109797,SP500_50,874985119.0,5,1467270000
0.5,15679217.0,13738,0.8,1131632322,SP500_50,1148174074.0,5,1467356400
0.5,27.0,13739,0.8,1131180880,SP500_50,1146612950.0,5,1467702000
0.5,15537615.0,13740,0.8,1132717689,SP500_50,1153256220.0,5,1467788400
0.5,7.0,13741,0.8,1114686883,SP500_50,1184884945.0,5,1467874800
0.5,1217086243.0,13742,0.8,1125457044,SP500_50,0.0,5,1467961200
0.5,16.0,13743,0.8,1124548071,SP500_50,1209436323.0,5,1468220400
0.5,644064468.0,13744,0.8,1121078245,SP500_50,592116776.0,5,1468306800
0.5,770782.0,13745,0.8,1129532444,SP500_50,1240183691.0,5,1468393200
0.5,770782.0,13746,0.8,1131308728,SP500_50,1251078567.0,5,1468479600
0.5,331367439.0,13747,0.8,1133133774,SP500_50,921477070.0,5,1468566000
0.5,1225194656.0,13748,0.8,1133051072,SP500_50,14036335.0,5,1468825200
0.5,308343550.0,13749,0.8,1128948826,SP500_50,927686742.0,5,1468911600
0.5,580992.0,13750,0.8,1128030284,SP500_50,1238382906.0,5,1468998000
0.5,13037324.0,13751,0.8,1123086831,SP500_50,1233445760.0,5,1469084400
0.5,16.0,13752,0.8,1137983106,SP500_50,1263617203.0,5,1469170800
0.5,1239309877.0,13753,0.8,1133127496,SP500_50,13847384.0,5,1469430000
0.5,314592072.0,13754,0.8,1116270039,SP500_50,935288884.0,5,1469516400
0.5,152568323.0,13755,0.8,1123427172,SP500_50,1100797546.0,5,1469602800
0.5,152568323.0,13756,0.8,1115981632,SP500_50,1098949649.0,5,1469689200
0.5,14000752.0,13757,0.8,1130772391,SP500_50,1253507866.0,5,1469775600
0.5,12049071.0,13758,0.8,1119917632,SP500_50,1273019102.0,5,1470034800
0.5,12049071.0,13759,0.8,1113798491,SP500_50,1244778721.0,5,1470121200
0.5,627206.0,13760,0.8,1112867834,SP500_50,1258439136.0,5,1470207600
0.5,23.0,13761,0.8,1112073096,SP500_50,1239873891.0,5,1470294000
0.5,23.0,13762,0.8,1110305868,SP500_50,1247214916.0,5,1470380400
0.5,23.0,13763,0.8,1108228471,SP500_50,1267466021.0,5,1470639600
0.5,23.0,13764,0.8,1110725806,SP500_50,1269491132.0,5,1470726000
0.5,23.0,13765,0.8,1113705347,SP500_50,1272022520.0,5,1470812400
0.5,23.0,13766,0.8,1116514174,SP500_50,1269237993.0,5,1470898800
0.5,23.0,13767,0.8,1112389253,SP500_50,1258859302.0,5,1470985200
0.5,2542302.0,13768,0.8,1108798491,SP500_50,1245726202.0,5,1471244400
0.5,5685089.0,13769,0.8,1086207017,SP500_50,1229468529.0,5,1471330800
0.5,574256233.0,13770,0.8,1087807737,SP500_50,659184144.0,5,1471417200
0.5,31502752.0,13771,0.8,1079211117,SP500_50,1194974289.0,5,1471503600
0.5,494301787.0,13772,0.8,1070016638,SP500_50,721818851.0,5,1471590000
0.5,985719.0,13773,0.8,1069735290,SP500_50,1214141773.0,5,1471849200
0.5,61805242.0,13774,0.8,1070252627,SP500_50,1154123253.0,5,1471935600
0.5,29.0,13775,0.8,1069933336,SP500_50,1217006376.0,5,1472022000
0.5,550302221.0,13776,0.8,1074275200,SP500_50,670693087.0,5,1472108400
0.5,2555953.0,13777,0.8,1062746998,SP500_50,1212835425.0,5,1472194800
0.5,676119689.0,13778,0.8,1070979221,SP500_50,546752692.0,5,1472454000
0.5,563318295.0,13779,0.8,1067576646,SP500_50,658072726.0,5,1472540400
0.5,32739831.0,13780,0.8,1067294465,SP500_50,1193795487.0,5,1472626800
0.5,1072223984.0,13781,0.8,1070141929,SP500_50,156479781.0,5,1472713200
0.5,35799268.0,13782,0.8,1073388073,SP500_50,1192786018.0,5,1472799600
0.5,577484991.0,13783,0.8,1083084212,SP500_50,656232415.0,5,1473145200
0.5,1236385214.0,13784,0.8,1085711711,SP500_50,0.0,5,1473231600
0.5,41.0,13785,0.8,1083706376,SP500_50,1243042530.0,5,1473318000
0.5,14.0,13786,0.8,1046660020,SP500_50,1227868192.0,5,1473404400
0.5,41762389.0,13787,0.8,1067600623,SP500_50,1202651827.0,5,1473663600
0.5,88040125.0,13788,0.8,1046539072,SP500_50,1130379652.0,5,1473750000
0.5,242128.0,13789,0.8,1045349560,SP500_50,1219497663.0,5,1473836400
0.5,387.0,13790,0.8,1056681441,SP500_50,1231744246.0,5,1473922800
0.5,51.0,13791,0.8,1052151630,SP500_50,1220316275.0,5,1474009200
0.5,13363535.0,13792,0.8,1045115785,SP500_50,1218933625.0,5,1474268400
0.5,292936305.0,13793,0.8,1043022295,SP500_50,940525003.0,5,1474354800
0.5,63.0,13794,0.8,1056333766,SP500_50,1244235554.0,5,1474441200
0.5,681275383.0,13795,0.8,1068169942,SP500_50,575821312.0,5,1474527600
0.5,2417081.0,13796,0.8,1072059314,SP500_50,1257842047.0,5,1474614000
0.5,2417081.0,13797,0.8,1066248573,SP500_50,1252795999.0,5,1474873200
0.5,4727715.0,13798,0.8,1073334398,SP500_50,1268669178.0,5,1474959600
0.5,1256475094.0,13799,0.8,1056116226,SP500_50,0.0,5,1475046000
0.5,7611399.0,13800,0.8,1053838041,SP500_50,1250237789.0,5,1475132400
0.5,1624354.0,13801,0.8,1050685400,SP500_50,1250486866.0,5,1475218800
0.5,1624354.0,13802,0.8,1051654327,SP500_50,1255016804.0,5,1475478000
0.5,9588.0,13803,0.8,1034233546,SP500_50,1233084353.0,5,1475564400
0.5,37.0,13804,0.8,1022221711,SP500_50,1227846494.0,5,1475650800
0.5,285040094.0,13805,0.8,1021363980,SP500_50,940560494.0,5,1475737200
0.5,26447143.0,13806,0.8,1017314562,SP500_50,1222506153.0,5,1475823600
0.5,210861.0,13807,0.8,1021488141,SP500_50,1253727852.0,5,1476082800
0.5,39.0,13808,0.8,1019320563,SP500_50,1248887009.0,5,1476169200
0.5,300009883.0,13809,0.8,1025090831,SP500_50,956583962.0,5,1476255600
0.5,251059.0,13810,0.8,1025088750,SP500_50,1256849494.0,5,1476342000
0.5,298426022.0,13811,0.8,1023752016,SP500_50,955594198.0,5,1476428400
0.5,6606625.0,13812,0.8,1025541940,SP500_50,1247663491.0,5,1476687600
0.5,6836.0,13813,0.8,1027464781,SP500_50,1252497414.0,5,1476774000
0.5,36140891.0,13814,0.8,1029543349,SP500_50,1206543975.0,5,1476860400
0.5,401375.0,13815,0.8,1009104434,SP500_50,1221693414.0,5,1476946800
0.5,9513615.0,13816,0.8,986037078,SP500_50,1159718274.0,5,1477033200
0.5,31146121.0,13817,0.8,978418017,SP500_50,1131597272.0,5,1477292400
0.5,124978248.0,13818,0.8,972979571,SP500_50,1032959584.0,5,1477378800
0.5,189472084.0,13819,0.8,967375200,SP500_50,973899681.0,5,1477465200
0.5,209225767.0,13820,0.8,983906311,SP500_50,956777838.0,5,1477551600
0.5,398598.0,13821,0.8,981418349,SP500_50,1165611492.0,5,1477638000
0.5,135602220.0,13822,0.8,981134022,SP500_50,1037591888.0,5,1477897200
0.5,155013572.0,13823,0.8,970679876,SP500_50,1010910110.0,5,1477983600
0.5,205670727.0,13824,0.8,958389008,SP500_50,952848028.0,5,1478070000
0.5,86293.0,13714,0.8,1027388665,SP500_50,1006525400.0,6,1464332400
0.5,946225347.0,13715,0.8,1032539241,SP500_50,60909442.0,6,1464678000
0.5,51.0,13716,0.8,1022056715,SP500_50,1006291907.0,6,1464764400
0.5,29717610.0,13717,0.8,1027185571,SP500_50,988302528.0,6,1464850800
0.5,25502085.0,13718,0.8,1033179637,SP500_50,993715149.0,6,1464937200
0.5,3306249.0,13719,0.8,1032779846,SP500_50,1028624236.0,6,1465196400
0.5,18.0,13720,0.8,1048199860,SP500_50,1037456233.0,6,1465282800
0.5,18.0,13721,0.8,1046825154,SP500_50,1039281363.0,6,1465369200
0.5,18.0,13722,0.8,1053171917,SP500_50,1045278220.0,6,1465455600
0.5,7.0,13723,0.8,1061916183,SP500_50,1055706211.0,6,1465542000
0.5,4424236.0,13724,0.8,1058158967,SP500_50,1050685604.0,6,1465801200
0.5,515617444.0,13725,0.8,1063811501,SP500_50,540844103.0,6,1465887600
0.5,2920667.0,13726,0.8,1061981873,SP500_50,1064431745.0,6,1465974000
0.5,2920667.0,13727,0.8,1070506360,SP500_50,1067496528.0,6,1466060400
0.5,4.0,13728,0.8,1076805604,SP500_50,1077754143.0,6,1466146800
0.5,0.0,13729,0.8,1077798567,SP500_50,1080444294.0,6,1466406000
0.5,12277658.0,13730,0.8,1085359958,SP500_50,1078514651.0,6,1466492400
0.5,420332710.0,13731,0.8,1087259020,SP500_50,673974189.0,6,1466578800
0.5,411102220.0,13732,0.8,1101657476,SP500_50,694575587.0,6,1466665200
0.5,21.0,13733,0.8,1091221757,SP500_50,1098047858.0,6,1466751600
0.5,42814816.0,13734,0.8,1097334713,SP500_50,1062442130.0,6,1467010800
0.5,58676863.0,13735,0.8,1100824200,SP500_50,1051299594.0,6,1467097200
0.5,257624728.0,13736,0.8,1111754567,SP500_50,871772686.0,6,1467183600
0.5,271356832.0,13737,0.8,1128817629,SP500_50,874985119.0,6,1467270000
0.5,15679217.0,13738,0.8,1136371658,SP500_50,1148174074.0,6,1467356400
0.5,27.0,13739,0.8,1135918326,SP500_50,1146612950.0,6,1467702000
0.5,15537615.0,13740,0.8,1137461571,SP500_50,1153256220.0,6,1467788400
0.5,7.0,13741,0.8,1119355251,SP500_50,1184884945.0,6,1467874800
0.5,1217086243.0,13742,0.8,1130170518,SP500_50,0.0,6,1467961200
0.5,16.0,13743,0.8,1129257739,SP500_50,1209436323.0,6,1468220400
0.5,644064468.0,13744,0.8,1125773381,SP500_50,592116776.0,6,1468306800
0.5,770782.0,13745,0.8,1134262986,SP500_50,1240183691.0,6,1468393200
0.5,770782.0,13746,0.8,1136046709,SP500_50,1251078567.0,6,1468479600
0.5,331367439.0,13747,0.8,1137879399,SP500_50,921477070.0,6,1468566000
0.5,1225194656.0,13748,0.8,1137796350,SP500_50,14036335.0,6,1468825200
0.5,308343550.0,13749,0.8,1133676924,SP500_50,927686742.0,6,1468911600
0.5,580992.0,13750,0.8,1132754535,SP500_50,1238382906.0,6,1468998000
0.5,13037324.0,13751,0.8,1127790379,SP500_50,1233445760.0,6,1469084400
0.5,16.0,13752,0.8,1142749040,SP500_50,1263617203.0,6,1469170800
0.5,1239309877.0,13753,0.8,1137873095,SP500_50,13847384.0,6,1469430000
0.5,314592072.0,13754,0.8,1120945037,SP500_50,935288884.0,6,1469516400
0.5,152568323.0,13755,0.8,1128132145,SP500_50,1100797546.0,6,1469602800
0.5,152568323.0,13756,0.8,1120655423,SP500_50,1098949649.0,6,1469689200
0.5,14000752.0,13757,0.8,1135508126,SP500_50,1253507866.0,6,1469775600
0.5,12049071.0,13758,0.8,1124607907,SP500_50,1273019102.0,6,1470034800
0.5,12049071.0,13759,0.8,1118463138,SP500_50,1244778721.0,6,1470121200
0.5,627206.0,13760,0.8,1117528583,SP500_50,1258439136.0,6,1470207600
0.5,23.0,13761,0.8,1116730517,SP500_50,1239873891.0,6,1470294000
0.5,23.0,13762,0.8,1114955889,SP500_50,1247214916.0,6,1470380400
0.5,23.0,13763,0.8,1112869791,SP500_50,1267466021.0,6,1470639600
0.5,23.0,13764,0.8,1115377585,SP500_50,1269491132.0,6,1470726000
0.5,23.0,13765,0.8,1118369605,SP500_50,1272022520.0,6,1470812400
0.5,23.0,13766,0.8,1121190195,SP500_50,1269237993.0,6,1470898800
0.5,23.0,13767,0.8,1117047999,SP500_50,1258859302.0,6,1470985200
0.5,2542302.0,13768,0.8,1113442198,SP500_50,1245726202.0,6,1471244400
0.5,5685089.0,13769,0.8,1090756110,SP500_50,1229468529.0,6,1471330800
0.5,574256233.0,13770,0.8,1092363534,SP500_50,659184144.0,6,1471417200
0.5,31502752.0,13771,0.8,1083730910,SP500_50,1194974289.0,6,1471503600
0.5,494301787.0,13772,0.8,1074497925,SP500_50,721818851.0,6,1471590000
0.5,985719.0,13773,0.8,1074215398,SP500_50,1214141773.0,6,1471849200
0.5,61805242.0,13774,0.8,1074734902,SP500_50,1154123253.0,6,1471935600
0.5,29.0,13775,0.8,1074414274,SP500_50,1217006376.0,6,1472022000
0.5,550302221.0,13776,0.8,1078774322,SP500_50,670693087.0,6,1472108400
0.5,2555953.0,13777,0.8,1067197839,SP500_50,1212835425.0,6,1472194800
0.5,676119689.0,13778,0.8,1075464539,SP500_50,546752692.0,6,1472454000
0.5,563318295.0,13779,0.8,1072047714,SP500_50,658072726.0,6,1472540400
0.5,32739831.0,13780,0.8,1071764351,SP500_50,1193795487.0,6,1472626800
0.5,1072223984.0,13781,0.8,1074623740,SP500_50,156479781.0,6,1472713200
0.5,35799268.0,13782,0.8,1077883479,SP500_50,1192786018.0,6,1472799600
0.5,577484991.0,13783,0.8,1087620227,SP500_50,656232415.0,6,1473145200
0.5,1236385214.0,13784,0.8,1090258730,SP500_50,0.0,6,1473231600
0.5,41.0,13785,0.8,1088244996,SP500_50,1243042530.0,6,1473318000
0.5,14.0,13786,0.8,1051043488,SP500_50,1227868192.0,6,1473404400
0.5,41762389.0,13787,0.8,1072071792,SP500_50,1202651827.0,6,1473663600
0.5,88040125.0,13788,0.8,1050922034,SP500_50,1130379652.0,6,1473750000
0.5,242128.0,13789,0.8,1049727539,SP500_50,1219497663.0,6,1473836400
0.5,387.0,13790,0.8,1061106879,SP500_50,1231744246.0,6,1473922800
0.5,51.0,13791,0.8,1056558097,SP500_50,1220316275.0,6,1474009200
0.5,13363535.0,13792,0.8,1049492786,SP500_50,1218933625.0,6,1474268400
0.5,292936305.0,13793,0.8,1047390528,SP500_50,940525003.0,6,1474354800
0.5,63.0,13794,0.8,1060757748,SP500_50,1244235554.0,6,1474441200
0.5,681275383.0,13795,0.8,1072643495,SP500_50,575821312.0,6,1474527600
0.5,2417081.0,13796,0.8,1076549156,SP500_50,1257842047.0,6,1474614000
0.5,2417081.0,13797,0.8,1070714079,SP500_50,1252795999.0,6,1474873200
0.5,4727715.0,13798,0.8,1077829580,SP500_50,1268669178.0,6,1474959600
0.5,1256475094.0,13799,0.8,1060539297,SP500_50,0.0,6,1475046000
0.5,7611399.0,13800,0.8,1058251571,SP500_50,1250237789.0,6,1475132400
0.5,1624354.0,13801,0.8,1055085727,SP500_50,1250486866.0,6,1475218800
0.5,1624354.0,13802,0.8,1056058711,SP500_50,1255016804.0,6,1475478000
0.5,9588.0,13803,0.8,1038564971,SP500_50,1233084353.0,6,1475564400
0.5,37.0,13804,0.8,1026502830,SP500_50,1227846494.0,6,1475650800
0.5,285040094.0,13805,0.8,1025641506,SP500_50,940560494.0,6,1475737200
0.5,26447143.0,13806,0.8,1021575130,SP500_50,1222506153.0,6,1475823600
0.5,210861.0,13807,0.8,1025766188,SP500_50,1253727852.0,6,1476082800
0.5,39.0,13808,0.8,1023589532,SP500_50,1248887009.0,6,1476169200
0.5,300009883.0,13809,0.8,1029383966,SP500_50,956583962.0,6,1476255600
0.5,251059.0,13810,0.8,1029381876,SP500_50,1256849494.0,6,1476342000
0.5,298426022.0,13811,0.8,1028039544,SP500_50,955594198.0,6,1476428400
0.5,6606625.0,13812,0.8,1029836964,SP500_50,1247663491.0,6,1476687600
0.5,6836.0,13813,0.8,1031767858,SP500_50,1252497414.0,6,1476774000
0.5,36140891.0,13814,0.8,1033855131,SP500_50,1206543975.0,6,1476860400
0.5,401375.0,13815,0.8,1013330617,SP500_50,1221693414.0,6,1476946800
0.5,9513615.0,13816,0.8,990166654,SP500_50,1159718274.0,6,1477033200
0.5,31146121.0,13817,0.8,982515684,SP500_50,1131597272.0,6,1477292400
0.5,124978248.0,13818,0.8,977054461,SP500_50,1032959584.0,6,1477378800
0.5,189472084.0,13819,0.8,971426619,SP500_50,973899681.0,6,1477465200
0.5,209225767.0,13820,0.8,988026963,SP500_50,956777838.0,6,1477551600
0.5,398598.0,13821,0.8,985528581,SP500_50,1165611492.0,6,1477638000
0.5,135602220.0,13822,0.8,985243064,SP500_50,1037591888.0,6,1477897200
0.5,155013572.0,13823,0.8,974745135,SP500_50,1010910110.0,6,1477983600
0.5,205670727.0,13824,0.8,962402792,SP500_50,952848028.0,6,1478070000
0.5,86293.0,13714,0.8,1031691423,SP500_50,1006525400.0,7,1464332400
0.5,946225347.0,13715,0.8,1036863570,SP500_50,60909442.0,7,1464678000
0.5,51.0,13716,0.8,1026337143,SP500_50,1006291907.0,7,1464764400
0.5,29717610.0,13717,0.8,1031487479,SP500_50,988302528.0,7,1464850800
0.5,25502085.0,13718,0.8,1037506648,SP500_50,993715149.0,7,1464937200
0.5,3306249.0,13719,0.8,1037105183,SP500_50,1028624236.0,7,1465196400
0.5,18.0,13720,0.8,1052589777,SP500_50,1037456233.0,7,1465282800
0.5,18.0,13721,0.8,1051209314,SP500_50,1039281363.0,7,1465369200
0.5,18.0,13722,0.8,1057582657,SP500_50,1045278220.0,7,1465455600
0.5,7.0,13723,0.8,1066363545,SP500_50,1055706211.0,7,1465542000
0.5,4424236.0,13724,0.8,1062590593,SP500_50,1050685604.0,7,1465801200
0.5,515617444.0,13725,0.8,1068266800,SP500_50,540844103.0,7,1465887600
0.5,2920667.0,13726,0.8,1066429510,SP500_50,1064431745.0,7,1465974000
0.5,2920667.0,13727,0.8,1074989698,SP500_50,1067496528.0,7,1466060400
0.5,4.0,13728,0.8,1081315323,SP500_50,1077754143.0,7,1466146800
0.5,0.0,13729,0.8,1082312445,SP500_50,1080444294.0,7,1466406000
0.5,12277658.0,13730,0.8,1089905504,SP500_50,1078514651.0,7,1466492400
0.5,420332710.0,13731,0.8,1091812519,SP500_50,673974189.0,7,1466578800
0.5,411102220.0,13732,0.8,1106271276,SP500_50,694575587.0,7,1466665200
0.5,21.0,13733,0.8,1095791852,SP500_50,1098047858.0,7,1466751600
0.5,42814816.0,13734,0.8,1101930409,SP500_50,1062442130.0,7,1467010800
0.5,58676863.0,13735,0.8,1105434510,SP500_50,1051299594.0,7,1467097200
0.5,257624728.0,13736,0.8,1116410654,SP500_50,871772686.0,7,1467183600
0.5,271356832.0,13737,0.8,1133545177,SP500_50,874985119.0,7,1467270000
0.5,15679217.0,13738,0.8,1141130843,SP500_50,1148174074.0,7,1467356400
0.5,27.0,13739,0.8,1140675612,SP500_50,1146612950.0,7,1467702000
0.5,15537615.0,13740,0.8,1142225321,SP500_50,1153256220.0,7,1467788400
0.5,7.0,13741,0.8,1124043171,SP500_50,1184884945.0,7,1467874800
0.5,1217086243.0,13742,0.8,1134903733,SP500_50,0.0,7,1467961200
0.5,16.0,13743,0.8,1133987130,SP500_50,1209436323.0,7,1468220400
0.5,644064468.0,13744,0.8,1130488180,SP500_50,592116776.0,7,1468306800
0.5,770782.0,13745,0.8,1139013340,SP500_50,1240183691.0,7,1468393200
0.5,770782.0,13746,0.8,1140804533,SP500_50,1251078567.0,7,1468479600
0.5,331367439.0,13747,0.8,1142644898,SP500_50,921477070.0,7,1468566000
0.5,1225194656.0,13748,0.8,1142561502,SP500_50,14036335.0,7,1468825200
0.5,308343550.0,13749,0.8,1138424823,SP500_50,927686742.0,7,1468911600
0.5,580992.0,13750,0.8,1137498571,SP500_50,1238382906.0,7,1468998000
0.5,13037324.0,13751,0.8,1132513625,SP500_50,1233445760.0,7,1469084400
0.5,16.0,13752,0.8,1147534934,SP500_50,1263617203.0,7,1469170800
0.5,1239309877.0,13753,0.8,1142638568,SP500_50,13847384.0,7,1469430000
0.5,314592072.0,13754,0.8,1125639615,SP500_50,935288884.0,7,1469516400
0.5,152568323.0,13755,0.8,1132856822,SP500_50,1100797546.0,7,1469602800
0.5,152568323.0,13756,0.8,1125348787,SP500_50,1098949649.0,7,1469689200
0.5,14000752.0,13757,0.8,1140263695,SP500_50,1253507866.0,7,1469775600
0.5,12049071.0,13758,0.8,1129317825,SP500_50,1273019102.0,7,1470034800
0.5,12049071.0,13759,0.8,1123147322,SP500_50,1244778721.0,7,1470121200
0.5,627206.0,13760,0.8,1122208853,SP500_50,1258439136.0,7,1470207600
0.5,23.0,13761,0.8,1121407444,SP500_50,1239873891.0,7,1470294000
0.5,23.0,13762,0.8,1119625383,SP500_50,1247214916.0,7,1470380400
0.5,23.0,13763,0.8,1117530549,SP500_50,1267466021.0,7,1470639600
0.5,23.0,13764,0.8,1120048846,SP500_50,1269491132.0,7,1470726000
0.5,23.0,13765,0.8,1123053396,SP500_50,1272022520.0,7,1470812400
0.5,23.0,13766,0.8,1125885800,SP500_50,1269237993.0,7,1470898800
0.5,23.0,13767,0.8,1121726255,SP500_50,1258859302.0,7,1470985200
0.5,2542302.0,13768,0.8,1118105353,SP500_50,1245726202.0,7,1471244400
0.5,5685089.0,13769,0.8,1095324255,SP500_50,1229468529.0,7,1471330800
0.5,574256233.0,13770,0.8,1096938411,SP500_50,659184144.0,7,1471417200
0.5,31502752.0,13771,0.8,1088269633,SP500_50,1194974289.0,7,1471503600
0.5,494301787.0,13772,0.8,1078997980,SP500_50,721818851.0,7,1471590000
0.5,985719.0,13773,0.8,1078714269,SP500_50,1214141773.0,7,1471849200
0.5,61805242.0,13774,0.8,1079235949,SP500_50,1154123253.0,7,1471935600
0.5,29.0,13775,0.8,1078913979,SP500_50,1217006376.0,7,1472022000
0.5,550302221.0,13776,0.8,1083292286,SP500_50,670693087.0,7,1472108400
0.5,2555953.0,13777,0.8,1071667320,SP500_50,1212835425.0,7,1472194800
0.5,676119689.0,13778,0.8,1079968642,SP500_50,546752692.0,7,1472454000
0.5,563318295.0,13779,0.8,1076537507,SP500_50,658072726.0,7,1472540400
0.5,32739831.0,13780,0.8,1076252957,SP500_50,1193795487.0,7,1472626800
0.5,1072223984.0,13781,0.8,1079124322,SP500_50,156479781.0,7,1472713200
0.5,35799268.0,13782,0.8,1082397713,SP500_50,1192786018.0,7,1472799600
0.5,577484991.0,13783,0.8,1092175238,SP500_50,656232415.0,7,1473145200
0.5,1236385214.0,13784,0.8,1094824792,SP500_50,0.0,7,1473231600
0.5,41.0,13785,0.8,1092802625,SP500_50,1243042530.0,7,1473318000
0.5,14.0,13786,0.8,1055445314,SP500_50,1227868192.0,7,1473404400
0.5,41762389.0,13787,0.8,1076561685,SP500_50,1202651827.0,7,1473663600
0.5,88040125.0,13788,0.8,1055323351,SP500_50,1130379652.0,7,1473750000
0.5,242128.0,13789,0.8,1054123854,SP500_50,1219497663.0,7,1473836400
0.5,387.0,13790,0.8,1065550851,SP500_50,1231744246.0,7,1473922800
0.5,51.0,13791,0.8,1060983019,SP500_50,1220316275.0,7,1474009200
0.5,13363535.0,13792,0.8,1053888118,SP500_50,1218933625.0,7,1474268400
0.5,292936305.0,13793,0.8,1051777055,SP500_50,940525003.0,7,1474354800
0.5,63.0,13794,0.8,1065200258,SP500_50,1244235554.0,7,1474441200
0.5,681275383.0,13795,0.8,1077135783,SP500_50,575821312.0,7,1474527600
0.5,2417081.0,13796,0.8,1081057801,SP500_50,1257842047.0,7,1474614000
0.5,2417081.0,13797,0.8,1075198286,SP500_50,1252795999.0,7,1474873200
0.5,4727715.0,13798,0.8,1082343588,SP500_50,1268669178.0,7,1474959600
0.5,1256475094.0,13799,0.8,1064980892,SP500_50,0.0,7,1475046000
0.5,7611399.0,13800,0.8,1062683585,SP500_50,1250237789.0,7,1475132400
0.5,1624354.0,13801,0.8,1059504482,SP500_50,1250486866.0,7,1475218800
0.5,1624354.0,13802,0.8,1060481542,SP500_50,1255016804.0,7,1475478000
0.5,9588.0,13803,0.8,1042914537,SP500_50,1233084353.0,7,1475564400
0.5,37.0,13804,0.8,1030801879,SP500_50,1227846494.0,7,1475650800
0.5,285040094.0,13805,0.8,1029936948,SP500_50,940560494.0,7,1475737200
0.5,26447143.0,13806,0.8,1025853541,SP500_50,1222506153.0,7,1475823600
0.5,210861.0,13807,0.8,1030062151,SP500_50,1253727852.0,7,1476082800
0.5,39.0,13808,0.8,1027876380,SP500_50,1248887009.0,7,1476169200
0.5,300009883.0,13809,0.8,1033695081,SP500_50,956583962.0,7,1476255600
0.5,251059.0,13810,0.8,1033692982,SP500_50,1256849494.0,7,1476342000
0.5,298426022.0,13811,0.8,1032345028,SP500_50,955594198.0,7,1476428400
0.5,6606625.0,13812,0.8,1034149976,SP500_50,1247663491.0,7,1476687600
0.5,6836.0,13813,0.8,1036088957,SP500_50,1252497414.0,7,1476774000
0.5,36140891.0,13814,0.8,1038184972,SP500_50,1206543975.0,7,1476860400
0.5,401375.0,13815,0.8,1017574500,SP500_50,1221693414.0,7,1476946800
0.5,9513615.0,13816,0.8,994313524,SP500_50,1159718274.0,7,1477033200
0.5,31146121.0,13817,0.8,986630512,SP500_50,1131597272.0,7,1477292400
0.5,124978248.0,13818,0.8,981146417,SP500_50,1032959584.0,7,1477378800
0.5,189472084.0,13819,0.8,975495005,SP500_50,973899681.0,7,1477465200
0.5,209225767.0,13820,0.8,992164873,SP500_50,956777838.0,7,1477551600
0.5,398598.0,13821,0.8,989656027,SP500_50,1165611492.0,7,1477638000
0.5,135602220.0,13822,0.8,989369314,SP500_50,1037591888.0,7,1477897200
0.5,155013572.0,13823,0.8,978827420,SP500_50,1010910110.0,7,1477983600
0.5,205670727.0,13824,0.8,966433386,SP500_50,952848028.0,7,1478070000
0.5,86293.0,13714,0.8,1036012202,SP500_50,1006525400.0,8,1464332400
0.5,946225347.0,13715,0.8,1041206010,SP500_50,60909442.0,8,1464678000
0.5,51.0,13716,0.8,1030635498,SP500_50,1006291907.0,8,1464764400
0.5,29717610.0,13717,0.8,1035807404,SP500_50,988302528.0,8,1464850800
0.5,25502085.0,13718,0.8,1041851781,SP500_50,993715149.0,8,1464937200
0.5,3306249.0,13719,0.8,1041448635,SP500_50,1028624236.0,8,1465196400
0.5,18.0,13720,0.8,1056998079,SP500_50,1037456233.0,8,1465282800
0.5,18.0,13721,0.8,1055611835,SP500_50,1039281363.0,8,1465369200
0.5,18.0,13722,0.8,1062011870,SP500_50,1045278220.0,8,1465455600
0.5,7.0,13723,0.8,1070829532,SP500_50,1055706211.0,8,1465542000
0.5,4424236.0,13724,0.8,1067040779,SP500_50,1050685604.0,8,1465801200
0.5,515617444.0,13725,0.8,1072740759,SP500_50,540844103.0,8,1465887600
0.5,2920667.0,13726,0.8,1070895773,SP500_50,1064431745.0,8,1465974000
0.5,2920667.0,13727,0.8,1079491812,SP500_50,1067496528.0,8,1466060400
0.5,4.0,13728,0.8,1085843930,SP500_50,1077754143.0,8,1466146800
0.5,0.0,13729,0.8,1086845227,SP500_50,1080444294.0,8,1466406000
0.5,12277658.0,13730,0.8,1094470086,SP500_50,1078514651.0,8,1466492400
0.5,420332710.0,13731,0.8,1096385088,SP500_50,673974189.0,8,1466578800
0.5,411102220.0,13732,0.8,1110904399,SP500_50,694575587.0,8,1466665200
0.5,21.0,13733,0.8,1100381087,SP500_50,1098047858.0,8,1466751600
0.5,42814816.0,13734,0.8,1106545353,SP500_50,1062442130.0,8,1467010800
0.5,58676863.0,13735,0.8,1110064129,SP500_50,1051299594.0,8,1467097200
0.5,257624728.0,13736,0.8,1121086241,SP500_50,871772686.0,8,1467183600
0.5,271356832.0,13737,0.8,1138292525,SP500_50,874985119.0,8,1467270000
0.5,15679217.0,13738,0.8,1145909960,SP500_50,1148174074.0,8,1467356400
0.5,27.0,13739,0.8,1145452823,SP500_50,1146612950.0,8,1467702000
0.5,15537615.0,13740,0.8,1147009021,SP500_50,1153256220.0,8,1467788400
0.5,7.0,13741,0.8,1128750724,SP500_50,1184884945.0,8,1467874800
0.5,1217086243.0,13742,0.8,1139656770,SP500_50,0.0,8,1467961200
0.5,16.0,13743,0.8,1138736329,SP500_50,1209436323.0,8,1468220400
0.5,644064468.0,13744,0.8,1135222725,SP500_50,592116776.0,8,1468306800
0.5,770782.0,13745,0.8,1143783588,SP500_50,1240183691.0,8,1468393200
0.5,770782.0,13746,0.8,1145582283,SP500_50,1251078567.0,8,1468479600
0.5,331367439.0,13747,0.8,1147430356,SP500_50,921477070.0,8,1468566000
0.5,1225194656.0,13748,0.8,1147346610,SP500_50,14036335.0,8,1468825200
0.5,308343550.0,13749,0.8,1143192607,SP500_50,927686742.0,8,1468911600
0.5,580992.0,13750,0.8,1142262476,SP500_50,1238382906.0,8,1468998000
0.5,13037324.0,13751,0.8,1137256653,SP500_50,1233445760.0,8,1469084400
0.5,16.0,13752,0.8,1152340872,SP500_50,1263617203.0,8,1469170800
0.5,1239309877.0,13753,0.8,1147423999,SP500_50,13847384.0,8,1469430000
0.5,314592072.0,13754,0.8,1130353853,SP500_50,935288884.0,8,1469516400
0.5,152568323.0,13755,0.8,1137601287,SP500_50,1100797546.0,8,1469602800
0.5,152568323.0,13756,0.8,1130061808,SP500_50,1098949649.0,8,1469689200
0.5,14000752.0,13757,0.8,1145039180,SP500_50,1253507866.0,8,1469775600
0.5,12049071.0,13758,0.8,1134047468,SP500_50,1273019102.0,8,1470034800
0.5,12049071.0,13759,0.8,1127851123,SP500_50,1244778721.0,8,1470121200
0.5,627206.0,13760,0.8,1126908723,SP500_50,1258439136.0,8,1470207600
0.5,23.0,13761,0.8,1126103958,SP500_50,1239873891.0,8,1470294000
0.5,23.0,13762,0.8,1124314434,SP500_50,1247214916.0,8,1470380400
0.5,23.0,13763,0.8,1122210827,SP500_50,1267466021.0,8,1470639600
0.5,23.0,13764,0.8,1124739670,SP500_50,1269491132.0,8,1470726000
0.5,23.0,13765,0.8,1127756804,SP500_50,1272022520.0,8,1470812400
0.5,23.0,13766,0.8,1130601069,SP500_50,1269237993.0,8,1470898800
0.5,23.0,13767,0.8,1126424105,SP500_50,1258859302.0,8,1470985200
0.5,2542302.0,13768,0.8,1122788038,SP500_50,1245726202.0,8,1471244400
0.5,5685089.0,13769,0.8,1099911531,SP500_50,1229468529.0,8,1471330800
0.5,574256233.0,13770,0.8,1101532447,SP500_50,659184144.0,8,1471417200
0.5,31502752.0,13771,0.8,1092827365,SP500_50,1194974289.0,8,1471503600
0.5,494301787.0,13772,0.8,1083516881,SP500_50,721818851.0,8,1471590000
0.5,985719.0,13773,0.8,1083231982,SP500_50,1214141773.0,8,1471849200
0.5,61805242.0,13774,0.8,1083755847,SP500_50,1154123253.0,8,1471935600
0.5,29.0,13775,0.8,1083432528,SP500_50,1217006376.0,8,1472022000
0.5,550302221.0,13776,0.8,1087829172,SP500_50,670693087.0,8,1472108400
0.5,2555953.0,13777,0.8,1076155520,SP500_50,1212835425.0,8,1472194800
0.5,676119689.0,13778,0.8,1084491608,SP500_50,546752692.0,8,1472454000
0.5,563318295.0,13779,0.8,1081046104,SP500_50,658072726.0,8,1472540400
0.5,32739831.0,13780,0.8,1080760362,SP500_50,1193795487.0,8,1472626800
0.5,1072223984.0,13781,0.8,1083643752,SP500_50,156479781.0,8,1472713200
0.5,35799268.0,13782,0.8,1086930852,SP500_50,1192786018.0,8,1472799600
0.5,577484991.0,13783,0.8,1096749327,SP500_50,656232415.0,8,1473145200
0.5,1236385214.0,13784,0.8,1099409976,SP500_50,0.0,8,1473231600
0.5,41.0,13785,0.8,1097379340,SP500_50,1243042530.0,8,1473318000
0.5,14.0,13786,0.8,1059865576,SP500_50,1227868192.0,8,1473404400
0.5,41762389.0,13787,0.8,1081070383,SP500_50,1202651827.0,8,1473663600
0.5,88040125.0,13788,0.8,1059743102,SP500_50,1130379652.0,8,1473750000
0.5,242128.0,13789,0.8,1058538581,SP500_50,1219497663.0,8,1473836400
0.5,387.0,13790,0.8,1070013435,SP500_50,1231744246.0,8,1473922800
0.5,51.0,13791,0.8,1065426472,SP500_50,1220316275.0,8,1474009200
0.5,13363535.0,13792,0.8,1058301857,SP500_50,1218933625.0,8,1474268400
0.5,292936305.0,13793,0.8,1056181954,SP500_50,940525003.0,8,1474354800
0.5,63.0,13794,0.8,1069661373,SP500_50,1244235554.0,8,1474441200
0.5,681275383.0,13795,0.8,1081646885,SP500_50,575821312.0,8,1474527600
0.5,2417081.0,13796,0.8,1085585329,SP500_50,1257842047.0,8,1474614000
0.5,2417081.0,13797,0.8,1079701274,SP500_50,1252795999.0,8,1474873200
0.5,4727715.0,13798,0.8,1086876500,SP500_50,1268669178.0,8,1474959600
0.5,1256475094.0,13799,0.8,1069441089,SP500_50,0.0,8,1475046000
0.5,7611399.0,13800,0.8,1067134161,SP500_50,1250237789.0,8,1475132400
0.5,1624354.0,13801,0.8,1063941743,SP500_50,1250486866.0,8,1475218800
0.5,1624354.0,13802,0.8,1064922895,SP500_50,1255016804.0,8,1475478000
0.5,9588.0,13803,0.8,1047282319,SP500_50,1233084353.0,8,1475564400
0.5,37.0,13804,0.8,1035118932,SP500_50,1227846494.0,8,1475650800
0.5,285040094.0,13805,0.8,1034250379,SP500_50,940560494.0,8,1475737200
0.5,26447143.0,13806,0.8,1030149870,SP500_50,1222506153.0,8,1475823600
0.5,210861.0,13807,0.8,1034376107,SP500_50,1253727852.0,8,1476082800
0.5,39.0,13808,0.8,1032181181,SP500_50,1248887009.0,8,1476169200
0.5,300009883.0,13809,0.8,1038024251,SP500_50,956583962.0,8,1476255600
0.5,251059.0,13810,0.8,1038022144,SP500_50,1256849494.0,8,1476342000
0.5,298426022.0,13811,0.8,1036668544,SP500_50,955594198.0,8,1476428400
0.5,6606625.0,13812,0.8,1038481052,SP500_50,1247663491.0,8,1476687600
0.5,6836.0,13813,0.8,1040428153,SP500_50,1252497414.0,8,1476774000
0.5,36140891.0,13814,0.8,1042532946,SP500_50,1206543975.0,8,1476860400
0.5,401375.0,13815,0.8,1021836156,SP500_50,1221693414.0,8,1476946800
0.5,9513615.0,13816,0.8,998477762,SP500_50,1159718274.0,8,1477033200
0.5,31146121.0,13817,0.8,990762573,SP500_50,1131597272.0,8,1477292400
0.5,124978248.0,13818,0.8,985255511,SP500_50,1032959584.0,8,1477378800
0.5,189472084.0,13819,0.8,979580430,SP500_50,973899681.0,8,1477465200
0.5,209225767.0,13820,0.8,996320112,SP500_50,956777838.0,8,1477551600
0.5,398598.0,13821,0.8,993800760,SP500_50,1165611492.0,8,1477638000
0.5,135602220.0,13822,0.8,993512846,SP500_50,1037591888.0,8,1477897200
0.5,155013572.0,13823,0.8,982926801,SP500_50,1010910110.0,8,1477983600
0.5,205670727.0,13824,0.8,970480861,SP500_50,952848028.0,8,1478070000
0.5,86293.0,13714,0.8,1040351076,SP500_50,1006525400.0,9,1464332400
0.5,946225347.0,13715,0.8,1045566636,SP500_50,60909442.0,9,1464678000
0.5,51.0,13716,0.8,1034951855,SP500_50,1006291907.0,9,1464764400
0.5,29717610.0,13717,0.8,1040145420,SP500_50,988302528.0,9,1464850800
0.5,25502085.0,13718,0.8,1046215112,SP500_50,993715149.0,9,1464937200
0.5,3306249.0,13719,0.8,1045810277,SP500_50,1028624236.0,9,1465196400
0.5,18.0,13720,0.8,1061424844,SP500_50,1037456233.0,9,1465282800
0.5,18.0,13721,0.8,1060032793,SP500_50,1039281363.0,9,1465369200
0.5,18.0,13722,0.8,1066459632,SP500_50,1045278220.0,9,1465455600
0.5,7.0,13723,0.8,1075314223,SP500_50,1055706211.0,9,1465542000
0.5,4424236.0,13724,0.8,1071509603,SP500_50,1050685604.0,9,1465801200
0.5,515617444.0,13725,0.8,1077233454,SP500_50,540844103.0,9,1465887600
0.5,2920667.0,13726,0.8,1075380742,SP500_50,1064431745.0,9,1465974000
0.5,2920667.0,13727,0.8,1084012782,SP500_50,1067496528.0,9,1466060400
0.5,4.0,13728,0.8,1090391502,SP500_50,1077754143.0,9,1466146800
0.5,0.0,13729,0.8,1091396993,SP500_50,1080444294.0,9,1466406000
0.5,12277658.0,13730,0.8,1099053785,SP500_50,1078514651.0,9,1466492400
0.5,420332710.0,13731,0.8,1100976808,SP500_50,673974189.0,9,1466578800
0.5,411102220.0,13732,0.8,1115556926,SP500_50,694575587.0,9,1466665200
0.5,21.0,13733,0.8,1104989542,SP500_50,1098047858.0,9,1466751600
0.5,42814816.0,13734,0.8,1111179624,SP500_50,1062442130.0,9,1467010800
0.5,58676863.0,13735,0.8,1114713137,SP500_50,1051299594.0,9,1467097200
0.5,257624728.0,13736,0.8,1125781410,SP500_50,871772686.0,9,1467183600
0.5,271356832.0,13737,0.8,1143059754,SP500_50,874985119.0,9,1467270000
0.5,15679217.0,13738,0.8,1150709092,SP500_50,1148174074.0,9,1467356400
0.5,27.0,13739,0.8,1150250040,SP500_50,1146612950.0,9,1467702000
0.5,15537615.0,13740,0.8,1151812756,SP500_50,1153256220.0,9,1467788400
0.5,7.0,13741,0.8,1133477992,SP500_50,1184884945.0,9,1467874800
0.5,1217086243.0,13742,0.8,1144429714,SP500_50,0.0,9,1467961200
0.5,16.0,13743,0.8,1143505417,SP500_50,1209436323.0,9,1468220400
0.5,644064468.0,13744,0.8,1139977098,SP500_50,592116776.0,9,1468306800
0.5,770782.0,13745,0.8,1148573815,SP500_50,1240183691.0,9,1468393200
0.5,770782.0,13746,0.8,1150380043,SP500_50,1251078567.0,9,1468479600
0.5,331367439.0,13747,0.8,1152235856,SP500_50,921477070.0,9,1468566000
0.5,1225194656.0,13748,0.8,1152151759,SP500_50,14036335.0,9,1468825200
0.5,308343550.0,13749,0.8,1147980359,SP500_50,927686742.0,9,1468911600
0.5,580992.0,13750,0.8,1147046332,SP500_50,1238382906.0,9,1468998000
0.5,13037324.0,13751,0.8,1142019544,SP500_50,1233445760.0,9,1469084400
0.5,16.0,13752,0.8,1157166937,SP500_50,1263617203.0,9,1469170800
0.5,1239309877.0,13753,0.8,1152229472,SP500_50,13847384.0,9,1469430000
0.5,314592072.0,13754,0.8,1135087836,SP500_50,935288884.0,9,1469516400
0.5,152568323.0,13755,0.8,1142365622,SP500_50,1100797546.0,9,1469602800
0.5,152568323.0,13756,0.8,1134794567,SP500_50,1098949649.0,9,1469689200
0.5,14000752.0,13757,0.8,1149834665,SP500_50,1253507866.0,9,1469775600
0.5,12049071.0,13758,0.8,1138796919,SP500_50,1273019102.0,9,1470034800
0.5,12049071.0,13759,0.8,1132574623,SP500_50,1244778721.0,9,1470121200
0.5,627206.0,13760,0.8,1131628277,SP500_50,1258439136.0,9,1470207600
0.5,23.0,13761,0.8,1130820142,SP500_50,1239873891.0,9,1470294000
0.5,23.0,13762,0.8,1129023123,SP500_50,1247214916.0,9,1470380400
0.5,23.0,13763,0.8,1126910706,SP500_50,1267466021.0,9,1470639600
0.5,23.0,13764,0.8,1129450140,SP500_50,1269491132.0,9,1470726000
0.5,23.0,13765,0.8,1132479909,SP500_50,1272022520.0,9,1470812400
0.5,23.0,13766,0.8,1135336087,SP500_50,1269237993.0,9,1470898800
0.5,23.0,13767,0.8,1131141629,SP500_50,1258859302.0,9,1470985200
0.5,2542302.0,13768,0.8,1127490334,SP500_50,1245726202.0,9,1471244400
0.5,5685089.0,13769,0.8,1104518019,SP500_50,1229468529.0,9,1471330800
0.5,574256233.0,13770,0.8,1106145724,SP500_50,659184144.0,9,1471417200
0.5,31502752.0,13771,0.8,1097404184,SP500_50,1194974289.0,9,1471503600
0.5,494301787.0,13772,0.8,1088054707,SP500_50,721818851.0,9,1471590000
0.5,985719.0,13773,0.8,1087768616,SP500_50,1214141773.0,9,1471849200
0.5,61805242.0,13774,0.8,1088294674,SP500_50,1154123253.0,9,1471935600
0.5,29.0,13775,0.8,1087970001,SP500_50,1217006376.0,9,1472022000
0.5,550302221.0,13776,0.8,1092385059,SP500_50,670693087.0,9,1472108400
0.5,2555953.0,13777,0.8,1080662517,SP500_50,1212835425.0,9,1472194800
0.5,676119689.0,13778,0.8,1089033517,SP500_50,546752692.0,9,1472454000
0.5,563318295.0,13779,0.8,1085573582,SP500_50,658072726.0,9,1472540400
0.5,32739831.0,13780,0.8,1085286644,SP500_50,1193795487.0,9,1472626800
0.5,1072223984.0,13781,0.8,1088182110,SP500_50,156479781.0,9,1472713200
0.5,35799268.0,13782,0.8,1091482976,SP500_50,1192786018.0,9,1472799600
0.5,577484991.0,13783,0.8,1101342571,SP500_50,656232415.0,9,1473145200
0.5,1236385214.0,13784,0.8,1104014364,SP500_50,0.0,9,1473231600
0.5,41.0,13785,0.8,1101975223,SP500_50,1243042530.0,9,1473318000
0.5,14.0,13786,0.8,1064304349,SP500_50,1227868192.0,9,1473404400
0.5,41762389.0,13787,0.8,1085597964,SP500_50,1202651827.0,9,1473663600
0.5,88040125.0,13788,0.8,1064181363,SP500_50,1130379652.0,9,1473750000
0.5,242128.0,13789,0.8,1062971797,SP500_50,1219497663.0,9,1473836400
0.5,387.0,13790,0.8,1074494708,SP500_50,1231744246.0,9,1473922800
0.5,51.0,13791,0.8,1069888535,SP500_50,1220316275.0,9,1474009200
0.5,13363535.0,13792,0.8,1062734082,SP500_50,1218933625.0,9,1474268400
0.5,292936305.0,13793,0.8,1060605300,SP500_50,940525003.0,9,1474354800
0.5,63.0,13794,0.8,1074141172,SP500_50,1244235554.0,9,1474441200
0.5,681275383.0,13795,0.8,1086176880,SP500_50,575821312.0,9,1474527600
0.5,2417081.0,13796,0.8,1090131818,SP500_50,1257842047.0,9,1474614000
0.5,2417081.0,13797,0.8,1084223120,SP500_50,1252795999.0,9,1474873200
0.5,4727715.0,13798,0.8,1091428397,SP500_50,1268669178.0,9,1474959600
0.5,1256475094.0,13799,0.8,1073919965,SP500_50,0.0,9,1475046000
0.5,7611399.0,13800,0.8,1071603376,SP500_50,1250237789.0,9,1475132400
0.5,1624354.0,13801,0.8,1068397588,SP500_50,1250486866.0,9,1475218800
0.5,1624354.0,13802,0.8,1069382849,SP500_50,1255016804.0,9,1475478000
0.5,9588.0,13803,0.8,1051668393,SP500_50,1233084353.0,9,1475564400
0.5,37.0,13804,0.8,1039454065,SP500_50,1227846494.0,9,1475650800
0.5,285040094.0,13805,0.8,1038581874,SP500_50,940560494.0,9,1475737200
0.5,26447143.0,13806,0.8,1034464193,SP500_50,1222506153.0,9,1475823600
0.5,210861.0,13807,0.8,1038708129,SP500_50,1253727852.0,9,1476082800
0.5,39.0,13808,0.8,1036504011,SP500_50,1248887009.0,9,1476169200
0.5,300009883.0,13809,0.8,1042371552,SP500_50,956583962.0,9,1476255600
0.5,251059.0,13810,0.8,1042369436,SP500_50,1256849494.0,9,1476342000
0.5,298426022.0,13811,0.8,1041010167,SP500_50,955594198.0,9,1476428400
0.5,6606625.0,13812,0.8,1042830266,SP500_50,1247663491.0,9,1476687600
0.5,6836.0,13813,0.8,1044785521,SP500_50,1252497414.0,9,1476774000
0.5,36140891.0,13814,0.8,1046899129,SP500_50,1206543975.0,9,1476860400
0.5,401375.0,13815,0.8,1026115660,SP500_50,1221693414.0,9,1476946800
0.5,9513615.0,13816,0.8,1002659441,SP500_50,1159718274.0,9,1477033200
0.5,31146121.0,13817,0.8,994911940,SP500_50,1131597272.0,9,1477292400
0.5,124978248.0,13818,0.8,989381813,SP500_50,1032959584.0,9,1477378800
0.5,189472084.0,13819,0.8,983682966,SP500_50,973899681.0,9,1477465200
0.5,209225767.0,13820,0.8,1000492754,SP500_50,956777838.0,9,1477551600
0.5,398598.0,13821,0.8,997962850,SP500_50,1165611492.0,9,1477638000
0.5,135602220.0,13822,0.8,997673731,SP500_50,1037591888.0,9,1477897200
0.5,155013572.0,13823,0.8,987043351,SP500_50,1010910110.0,9,1477983600
0.5,205670727.0,13824,0.8,974545286,SP500_50,952848028.0,9,1478070000
