action,reward,state,ticker
-1,-32.7416078336,1331,77
-1,8.0,1111,288
-1,8.0,1331,389
1,144.3742260704911,3331,408
-1,86.14553599999998,1111,10
-1,143.3472,1331,11
1,59.73153997057486,1131,20
-1,10.995199999999997,1111,25
-1,8.0,3331,65
-1,8.0,1311,93
-1,-64.889109577728,3131,100
-1,14.48177070899198,3331,101
-1,8.0,3331,102
1,-63.61952665600001,3331,168
-1,26.761290662763933,1111,207
-1,8.0,3331,208
-1,8.0,3331,213
-1,81.3952,3331,236
-1,8.0,1131,306
-1,8.0,3331,334
-1,8.0,1311,340
-1,8.0,1131,341
-1,40.04791727894717,3131,346
-1,8.0,3331,356
-1,8.0,3311,384
-1,8.0,3111,418
-1,8.0,1311,419
-1,8.0,3331,427
-1,-84.74641264041841,3111,429
-1,8.0,1111,433
-1,8.0,1131,434
-1,8.0,3131,4
-1,8.0,1111,5
-1,8.0,1331,14
-1,72.832971800576,1311,26
-1,8.0,1331,28
-1,-2.010216713649392,3131,39
-1,76.28044288,3311,50
-1,-69.00480000000002,1311,89
-1,-86.33024921600001,1111,91
-1,-36.82328468337459,1131,116
-1,8.0,3311,141
-1,-32.96000000000001,1111,142
-1,8.0,1131,147
-1,44.256071679999984,3331,174
-1,-28.982784000000002,3331,187
-1,-38.77222400000001,3311,216
-1,-100.72422400000002,3111,221
-1,8.0,1331,226
-1,8.0,1331,230
1,142.1467246592,1131,232
-1,-32.96000000000001,3331,237
-1,91.43808000000001,3111,239
-1,-61.41427449011896,3311,247
-1,41.227776,3331,257
-1,8.0,3331,271
-1,-26.560000000000002,3131,284
-1,184.62454154138243,1111,286
-1,8.0,1331,289
-1,-32.96000000000001,3311,292
-1,8.0,3331,318
-1,62.1171702693888,1331,322
-1,4.159712854016,3111,343
-1,41.227776,3331,369
-1,-32.96000000000001,3331,372
-1,8.0,3311,394
-1,56.116757456436076,1311,395
-1,13.067776000000002,1311,397
-1,8.0,3131,423
-1,8.0,3111,426
-1,17.88415051431936,1311,447
-1,-26.560000000000002,3331,467
-1,1.3951999999999956,3111,470
-1,41.227776,1131,491
-1,8.0,3311,498
-1,8.0,3111,44
-1,43.593216000000005,3331,103
-1,54.91196936192,3311,106
-1,8.0,3311,137
-1,8.0,1111,263
1,96.36904787186742,3311,328
-1,8.0,3331,450
-1,8.0,3131,484
-1,8.0,3331,15
-1,-32.736849920000004,3131,17
1,-55.70249827319718,1131,34
-1,-32.96000000000001,3331,53
-1,86.14553599999998,3131,78
-1,8.0,3331,144
-1,-33.0368,3111,148
-1,8.0,1331,154
-1,8.0,3131,296
-1,8.0,3311,312
-1,8.0,3331,314
-1,-69.00480000000002,3311,359
-1,-0.24618503372800404,3331,370
-1,8.0,3331,374
-1,8.0,1131,407
-1,1.3951999999999956,3311,446
-1,143.3472,3111,1
-1,114.68491125514113,3311,8
-1,8.0,3111,13
-1,17.832979929497604,3111,30
-1,8.0,3331,46
-1,73.18508253467157,3131,63
-1,8.0,1311,69
-1,2.7921997823999973,3111,73
-1,8.0,3331,90
-1,61.589803655205365,1331,110
-1,8.0,1331,118
-1,143.3472,3331,121
-1,8.0,1331,123
-1,-87.20384000000001,1111,124
-1,-74.11955712,1131,127
-1,36.601827023912946,1111,134
-1,23.0272,3331,179
-1,8.0,3111,202
-1,7.872,3311,218
-1,-7.807303151475708,3331,250
-1,8.0,1111,256
-1,8.0,3331,293
-1,-32.96000000000001,3331,299
1,161.71776,1131,302
-1,73.3225833517163,3311,332
-1,8.0,1111,362
-1,2.5113599999999963,3331,403
-1,8.0,3331,436
-1,-98.55211029674956,1331,462
-1,8.0,3331,496
-1,27.126789734399992,1111,40
-1,-32.96000000000001,1111,80
-1,8.0,3331,97
-1,-32.96000000000001,3331,184
-1,-32.96000000000001,3331,200
-1,-32.96000000000001,3131,201
-1,8.0,3131,248
-1,-33.74848000000001,3311,311
-1,-69.00480000000002,1311,326
-1,8.0,1331,351
-1,8.0,3331,373
-1,8.0,1331,378
-1,41.43149101606924,3331,401
-1,8.0,1311,413
1,-87.1612725056766,1111,417
-1,8.0,1331,49
-1,8.0,3311,66
-1,8.0,1131,104
-1,-64.00784350360729,1311,107
-1,67.98451341131776,3311,108
-1,8.0,3311,131
-1,8.0,3311,182
-1,8.0,3311,191
-1,8.0,3111,225
-1,8.0,1311,229
-1,8.0,3111,242
-1,65.93527367991294,1111,243
-1,19.230091756843606,1111,245
1,68.42566597017598,1311,262
-1,-6.968969772400648,3311,264
-1,8.0,3131,266
-1,8.0,3131,278
-1,8.0,3311,279
-1,-33.0368,1311,287
-1,8.0,3311,303
-1,163.2696828290276,1111,304
-1,8.0,1311,309
-1,8.0,3331,320
-1,-34.825210265600006,1111,335
-1,8.0,1111,350
-1,8.0,1111,355
-1,20.780235828756474,3111,379
-1,30.166578462719983,3311,390
-1,8.0,3331,411
-1,8.0,1311,438
-1,8.0,1111,453
-1,8.0,1111,458
-1,8.0,3111,466
-1,32.71964672,3311,475
-1,8.0,3231,45
-1,8.0,1331,60
-1,8.0,1111,151
-1,8.0,1331,166
-1,8.0,3131,183
1,183.15099658104344,1111,209
-1,8.0,1111,233
-1,8.0,1111,274
-1,106.20807167999999,1111,283
-1,8.0,1311,330
-1,8.0,3111,409
-1,-69.00480000000002,1131,410
-1,8.0,3111,416
-1,8.0,3331,444
-1,8.0,1111,454
-1,8.0,3331,457
-1,8.0,3111,468
-1,-32.76560243595674,3311,483
1,43.29017120382622,1331,12
-1,8.0,3331,31
-1,8.0,3131,36
-1,8.0,1111,41
-1,8.0,3331,57
-1,-34.825210265600006,3311,59
1,118.75344286875648,3111,62
-1,8.0,3131,70
-1,8.0,3311,83
-1,8.0,3131,85
-1,-24.33440282968064,1311,92
1,37.44,3311,99
-1,-58.237317120000014,3111,105
1,106.20807167999999,3331,113
1,37.3632,1111,114
-1,-56.01515520000001,1111,117
-1,-38.77222400000001,1311,119
-1,8.0,3311,120
-1,8.0,1131,125
1,166.145536,1131,126
1,75.31775999999998,1131,128
1,219.39953070899202,1331,133
-1,-32.96000000000001,3331,139
1,56.160768,1111,143
-1,8.0,1131,145
-1,8.0,1331,146
1,92.8755940047828,3331,157
-1,8.0,3131,158
1,218.58922970282737,3331,172
-1,41.227776,3331,188
1,59.63633325375488,3111,197
1,77.55250151966584,3331,206
-1,8.0,3111,210
-1,-33.07264000000001,3111,212
-1,-35.04384,1331,215
-1,-32.432640000000006,3331,217
-1,-38.77222400000001,3331,219
1,56.14906720255999,3131,220
1,-6.284800000000004,3131,227
-1,8.0,3131,240
-1,58.1387242110976,3111,254
1,121.75616,1311,255
-1,8.0,3331,259
-1,-38.77222400000001,3331,260
-1,-28.464639999999996,1131,261
-1,-38.77222400000001,3311,267
1,-7.052800000000005,3331,268
-1,8.0,1331,269
1,201.86524639286603,3331,273
-1,1.3951999999999956,3331,281
-1,-38.77222400000001,1111,282
-1,8.0,3111,295
1,-36.9711074810232,1131,301
-1,8.0,3331,315
1,26.510371633573506,3131,316
1,-20.61465600000001,1131,337
-1,-14.222556233728007,3111,349
-1,8.0,3131,358
-1,8.0,1131,365
-1,-32.96000000000001,3131,371
-1,8.0,1111,377
1,-29.617120994543157,1111,381
1,135.36,3131,393
1,-7.052800000000005,3311,396
-1,8.0,3331,414
1,63.347199999999994,1111,415
-1,8.0,3311,420
-1,8.0,3311,435
-1,8.0,3311,437
-1,76.28044288,3331,439
-1,-33.5488,1131,443
1,160.79906979839998,3331,448
-1,8.0,3311,464
-1,8.0,1131,472
1,4.202467033962719,3331,473
-1,7.872,1111,490
1,112.59018900275198,3331,495
-1,-32.96000000000001,3131,499
1,129.69055518063237,1331,77
1,-40.928098091008025,3131,2
-1,76.28044288,3331,21
1,-46.36190720000001,1111,25
1,114.15775232,1331,33
1,-17.481003056824648,3131,37
1,183.8078118841549,3331,65
1,100.0680448,1331,82
1,52.2248386036478,3331,87
1,119.872,1311,93
1,-5.0754461696000135,3131,100
1,101.79431383039999,3331,102
-1,1.587385106431995,3311,111
1,37.44,3111,136
1,144.192,3311,149
1,-64.85427557804016,1111,152
-1,8.0,3331,160
-1,-128.42574877091852,1131,162
1,-56.464525721600005,1331,163
-1,-69.00480000000002,3331,178
1,63.347199999999994,1111,189
1,37.44,3311,194
1,-84.10442199700772,1111,207
1,156.4992574841478,3331,208
1,178.52499279872,3331,213
-1,-25.6,3131,228
1,129.4390662290236,3311,231
1,7.007000897781751,3331,236
-1,8.0,3311,252
1,-27.46907353161799,1111,265
1,147.2524445667682,3331,277
1,8.0,1131,294
1,-7.052800000000005,3331,305
1,60.36938047487999,1131,306
-1,-100.72422400000002,3331,307
1,70.66945994752001,3311,313
1,184.12119135846623,3331,334
1,110.24651370496,1311,340
1,58.035441664,1131,341
1,-44.346112169738255,3131,346
-1,-32.96000000000001,3131,354
1,86.38106748715006,3331,356
-1,-48.63731712000001,3331,375
-1,-27.4947072,1311,380
-1,70.9862909083648,1331,382
1,102.62246473727998,3311,384
1,-9.88319084184517,3111,387
1,136.76278749042766,3331,392
-1,-30.964019200000003,1111,399
1,134.37507584,3311,412
1,19.177902079999996,3111,418
1,103.67161948655581,1311,419
1,45.459967999999996,3331,427
1,-82.59268263657749,3111,429
1,35.7970849366016,1111,433
1,107.79080704,1131,434
1,-7.052800000000005,3311,441
-1,8.0,3311,455
-1,8.0,1331,461
-1,8.0,3311,477
-1,-64.45345423360001,3131,479
1,10.729902079999995,3111,482
1,59.514736639999995,1331,489
-1,8.0,3311,493
-1,8.0,3331,19
-1,8.0,3111,23
-1,-6.59412992,1131,29
-1,8.0,1331,47
-1,-32.96000000000001,3331,71
-1,6.654829363200001,3311,79
-1,8.0,3131,98
1,90.2016,3311,141
-1,-30.324224000000008,3311,164
-1,-69.072384,3331,196
-1,8.0,3111,203
1,58.77122470791264,1331,230
-1,82.53189650765577,3111,234
-1,8.0,1131,285
-1,-69.00480000000002,3331,290
-1,1.3951999999999956,3331,317
-1,8.0,1311,338
-1,143.3472,3311,344
-1,144.192,3111,360
-1,25.838384742400002,1111,368
-1,8.0,1131,391
-1,31.627776000000004,3331,422
1,17.960447999999992,3111,426
-1,-32.96000000000001,3311,474
-1,8.0,3131,485
-1,-60.347325212262405,3131,43
-1,8.0,1331,76
1,2.127050342400004,3311,106
-1,8.0,3311,199
-1,2.2438092800000007,1131,258
-1,-31.152640000000005,3331,272
-1,8.0,1111,376
-1,8.0,3311,428
-1,8.367345663999998,3111,480
-1,-128.63731712000003,1111,488
1,37.44,1111,3
-1,8.0,1131,7
1,19.177902079999996,3331,15
1,83.55529277439999,3131,17
-1,8.0,1331,38
1,38.18260831038931,3331,53
1,92.8755940047828,3331,64
1,29.669649813719516,3131,75
1,14.673021072834558,3331,115
-1,8.0,3331,132
1,102.37204077261538,3331,144
1,-57.32389394942054,3111,148
1,111.03999999999999,1331,154
1,151.970569486336,3311,171
-1,113.3952,3311,214
-1,44.06760620032001,1111,222
1,7.565972282698986,3131,224
-1,50.317004800000014,3331,275
1,110.9632,3131,296
1,50.42527974850561,3311,312
1,59.69623239590066,3331,314
-1,-81.68924552470577,3331,331
1,81.56419646584669,3311,359
1,157.90254655807962,3331,361
1,169.63645790433333,3331,367
1,-51.22209792000002,3331,370
1,118.4,3331,374
-1,8.0,3331,406
1,54.69802086399999,1131,407
1,-4.9387638292480105,3311,446
-1,-35.766706211074876,3331,463
1,99.42804479999998,3331,465
1,22.774737504961436,3111,13
-1,8.0,1331,22
1,-47.3326056833024,3111,30
-1,8.0,3131,32
1,99.17790208,3331,46
1,172.3893946761831,1311,56
1,137.647616,1311,69
1,-11.389440000000008,3111,73
1,63.347199999999994,3331,84
1,90.07283411661535,3331,90
-1,8.0,1311,94
1,-79.13042551373826,1331,110
1,77.67295999999999,1311,112
1,65.7814749002072,1331,118
1,110.9632,1331,123
1,-80.66168832000001,1111,124
1,-44.46639262924802,1131,127
-1,41.227776,3311,129
1,69.34534307839999,3311,156
1,-46.36190720000001,3331,179
-1,8.0,1311,190
1,110.9632,3111,202
1,-54.18392933289165,3111,204
1,-12.752384000000013,3311,218
1,18.233398962421745,3131,241
-1,8.0,3311,246
1,-80.66168832000001,3331,250
1,11.224278833037303,1111,256
1,104.58781833928775,3331,293
1,145.94704976140343,3331,299
1,-56.26091725904256,3311,332
1,-7.052800000000005,3131,342
-1,8.0,1131,347
-1,8.0,3331,352
1,49.286655999999994,1111,362
1,-30.621477275791143,3331,400
1,79.73533900698023,3331,403
-1,96.9376768,1111,421
-1,8.0,3331,424
1,112.73488384,3331,432
1,117.99650680831999,3331,436
1,54.59199999999999,1111,442
1,-86.70808530881254,1331,462
-1,-64.51930210538787,3331,487
1,57.71519999999998,3331,494
1,97.71486786816783,3331,496
1,41.026559999999996,3311,497
-1,10.995199999999997,3331,96
-1,-32.96000000000001,1111,173
-1,-32.96000000000001,3331,223
1,-27.992333346406426,1111,449
-1,8.0,1131,24
1,111.03999999999999,1331,49
-1,-32.96000000000001,1311,54
-1,8.0,1131,61
1,146.13618573862504,3311,66
-1,-32.96000000000001,3311,81
1,-37.908878373683216,3331,95
1,111.03999999999999,1131,104
1,-63.53272989259566,1311,107
1,10.789375999999976,3311,108
-1,-48.63731712000001,3331,109
1,110.9632,3311,131
-1,-56.70770159530112,3131,140
-1,8.0,3331,153
-1,8.0,1111,161
-1,8.0,3111,175
1,8.0,1311,177
1,-24.7168,1111,180
1,133.43245303729358,3311,182
1,28.153827023912953,1111,186
1,59.95425061186779,3311,191
1,123.86310307839999,3131,198
1,110.9632,3111,225
1,110.9632,1311,229
1,166.88896,3111,242
-1,8.0,3111,244
1,-67.18727700480001,1111,245
1,-18.008371200000006,3111,249
1,-109.19712498904472,3311,264
1,115.38587768931228,3131,266
1,119.2832,3131,278
1,39.842313830399995,3311,279
1,10.09794446131199,1311,287
1,110.9632,3311,303
1,81.12990208,1311,309
1,176.12877498023937,3331,320
1,117.44,1111,321
1,148.928,3131,327
1,-46.36190720000001,1111,335
1,64.9919164729262,1111,350
1,101.79431383039999,1111,355
1,-40.32892780544,3111,379
1,86.14553599999998,3111,388
1,63.588770718590744,3331,411
1,56.77055999999999,1311,438
-1,-25.225210265599998,1331,440
-1,-68.88704000000001,1311,451
1,119.24520328626176,1111,453
1,91.14441728,1111,458
1,23.535474278400002,3331,459
-1,8.0,3311,460
1,40.583921664,3111,466
-1,61.87094628761599,3311,471
1,-41.219377561600005,3311,475
1,106.20807167999999,1311,478
-1,-69.00480000000002,1111,481
1,23.4332687761408,3331,6
1,-20.069727655313862,3331,35
1,111.55854165671936,3231,45
1,106.95141286655033,3311,58
1,111.03999999999999,1331,60
-1,-32.96000000000001,3331,68
-1,8.0,3111,72
-1,8.0,3111,130
1,-8.61862867274791,1111,151
-1,-32.96000000000001,3131,155
-1,-32.96000000000001,1311,165
1,129.47199999999998,1331,166
1,111.03999999999999,3131,183
-1,-38.77222400000001,1111,195
1,110.9632,1111,233
-1,8.0,1311,253
1,31.810963286261753,1111,274
-1,8.0,1331,280
1,-46.7794957475708,3131,329
1,111.03999999999999,1311,330
1,37.44,3131,333
1,54.03881062399999,1131,336
-1,8.0,1331,348
1,45.975653285888,1331,363
1,31.810963286261753,3111,409
1,72.52973631402632,1131,410
1,137.647616,3111,416
1,-0.8274824436121548,3331,444
1,57.647616,1111,454
1,124.25607167999999,1111,456
1,161.18937599999998,3331,457
1,140.85376000000002,3111,468
1,-22.26082435956736,3311,483
1,181.7943138304,3131,70
1,102.77650706333696,3311,83
1,63.55373670399998,1331,146
1,-16.060676538368007,3131,158
1,146.3534361010493,1131,261
-1,8.0,1311,324
-1,1.3951999999999956,3331,339
-1,8.0,1131,364
-1,-0.24618503372800404,3331,366
1,-45.1365324109906,3131,371
-1,8.0,3331,430
1,15.371176854683647,3311,464
1,83.06425006537182,1131,472
-1,112.38471679999999,3131,408
1,-39.37638400000001,3331,21
-1,8.0,1131,37
-1,8.0,3131,65
-1,209.57881261517733,1331,87
-1,98.6474165108736,1331,93
-1,8.0,1311,111
1,-113.61450995719296,1131,162
1,88.85717376623,3331,178
1,-45.47046352486401,3111,213
-1,8.0,1111,252
-1,166.0233451106694,3311,277
-1,80.73689506341474,1131,294
-1,227.6902361903923,1111,306
-1,156.21681583693893,1331,307
-1,138.31686275072002,1111,313
-1,114.02370655178493,3311,334
1,-26.560000000000002,1111,341
1,7.625622700229421,3131,354
-1,8.0,3311,356
-1,144.192,1131,375
1,71.86684793881042,1311,380
-1,189.37663635456002,1311,382
-1,-69.00480000000002,3331,412
-1,8.0,3131,427
-1,98.12935754935474,1111,429
-1,-56.63310258846773,3331,434
1,139.50298179284317,3311,455
1,149.70424103250429,1331,461
1,-16.187074969600005,3131,479
-1,7.039999999999992,3131,482
-1,206.0930506752,1311,489
-1,0.6399999999999935,3111,493
1,48.066861909934076,1111,5
-1,-109.55962514800642,3111,9
1,134.2761692758016,3331,19
-1,0.6399999999999935,3331,23
-1,64.19200000000001,3311,27
-1,-66.3168,1131,39
-1,40.57683868254209,1111,47
1,-12.752384000000013,3311,50
-1,-15.8874525696,3111,67
1,0.6399999999999935,3311,71
1,-32.96000000000001,3111,79
-1,88.0,3331,88
1,-34.97489362549033,1311,89
1,-86.56466551373825,1111,91
1,8.0,3111,98
-1,8.0,3331,141
1,134.59199999999998,3331,159
1,-39.436800000000005,3311,164
-1,38.4,1331,181
-1,10.789375999999976,1331,187
-1,33.793535999999996,3131,196
1,-8.092143157248003,3311,216
1,-32.96000000000001,1131,226
1,-34.686464,1311,230
1,0.6399999999999935,3111,239
1,-39.37638400000001,3331,257
1,58.097410245815595,3331,271
1,47.04,3311,284
1,61.952,1131,285
-1,190.13267104878102,3311,290
1,0.6399999999999935,3131,317
-1,114.7429320851456,3311,318
1,-39.436800000000005,1331,322
1,117.44,1111,338
-1,80.64,1111,343
1,-39.37638400000001,3331,369
-1,25.358459294407922,3311,372
1,-38.75261229161251,1111,385
-1,195.4375002297467,1311,394
1,-39.436800000000005,1311,395
1,0.6399999999999935,3331,422
1,-39.436800000000005,1311,447
-1,37.44,3311,467
1,-30.604800000000004,3311,474
-1,106.20807167999999,3331,476
-1,115.80807167999998,1111,485
1,-39.37638400000001,1131,491
1,98.949227446272,3311,498
-1,110.9632,3131,103
-1,145.41384583334212,3111,106
-1,37.44,1311,185
-1,-44.382597120000014,3111,211
-1,57.647616,1111,258
-1,8.0,1311,263
-1,72.94720000000001,1131,297
1,8.0,1311,328
-1,-7.052800000000005,1131,404
-1,110.50008984070672,1311,425
-1,138.2408287274257,3311,450
-1,93.56333224423113,1311,469
1,-14.615758759106974,1131,7
-1,8.0,3111,17
-1,36.268102784213355,3111,75
1,5.870798454682202,3311,115
-1,8.0,1131,154
-1,37.44,3331,214
-1,91.95747925042375,3111,224
-1,47.04,3311,314
1,-71.09907496960001,3331,331
-1,8.0,3131,359
-1,-7.052800000000005,1331,463
-1,8.0,3131,465
1,47.27655383039999,3131,32
-1,8.0,1331,56
1,-39.37638400000001,3311,129
1,70.83166843078389,3311,246
-1,109.62584775359988,3311,250
-1,95.92387910218721,1111,299
-1,-33.80480000000001,3331,332
-1,8.0,3131,352
1,7.039999999999992,3311,400
1,-22.9972992,1131,421
1,77.8984101932171,3331,424
-1,8.0,3311,494
-1,4.044375228415987,3311,55
-1,-32.96000000000001,1131,86
-1,68.0944157234507,1331,96
-1,8.0,3311,167
-1,50.50483799088451,3131,205
-1,118.4,1111,311
-1,-32.96000000000001,1311,323
-1,-12.708253696000014,1331,373
-1,8.0,1131,49
-1,80.10905600000001,1111,61
-1,8.0,1311,95
-1,8.0,1331,104
-1,14.168768335052796,1111,108
1,13.640771303631773,3331,140
-1,142.6866499158016,1311,177
-1,202.03059748947652,1111,180
-1,8.0,1311,244
-1,125.89867534862255,1111,287
-1,8.0,1311,60
-1,15.559526886221214,3311,68
-1,111.03999999999999,3311,130
-1,8.0,1131,166
1,37.44,1131,363
-1,28.384735952895994,3111,444
-1,8.0,1331,457
-1,8.0,1111,468
-1,8.0,1131,36
-1,27.53907965951999,1131,85
-1,87.03999999999999,3111,99
-1,0.6399999999999935,1131,117
-1,3.674828799999993,1111,138
-1,244.27414293153313,3311,172
-1,80.64,3131,217
-1,112.704,3111,227
-1,144.75687056762268,3111,240
-1,164.91776,1111,255
-1,8.0,3311,268
-1,133.51544012800002,3111,316
1,-39.436800000000005,3111,349
-1,8.0,1111,365
-1,122.6232864458125,3311,377
-1,116.44167978755293,3111,414
-1,8.0,3111,435
1,9.472000000000001,1131,473
-1,-110.98228572160002,3111,486
-1,95.74553599999999,1111,51
1,8.0,3111,10
-1,117.551616,1331,20
-1,168.95020275076578,3111,65
-1,152.49571057724,3111,136
-1,108.13954834431999,3111,149
-1,60.66862080000001,3311,194
1,-26.087957616136713,3311,208
-1,143.92162481251034,1111,265
-1,-0.6528000000000063,3131,294
-1,50.854716342272,3331,305
-1,-2.0038166351708213,1111,340
-1,104.787554304,1111,341
1,56.701784063999995,3311,356
-1,125.10594421789759,1111,380
-1,109.60934473265239,1111,387
1,-8.1333149696,1111,399
1,1.5887543627328569,3331,412
-1,167.0115741073408,1111,419
1,-65.98383616,3331,434
-1,149.617521688576,3311,441
-1,38.057676799999996,3111,455
-1,7.393343078400001,1311,477
1,8.0,1131,5
1,-39.59195648000001,1311,26
-1,15.332116294323384,1311,28
1,0.6399999999999935,1111,29
1,0.6399999999999935,1331,39
1,-9.330850139121246,3331,71
-1,-0.8883320848384102,3111,79
1,-32.96000000000001,1331,88
-1,37.44,3331,98
1,8.0,1111,116
-1,139.93216,3131,150
1,-16.128425033728007,1111,170
1,8.0,3111,196
1,8.0,3331,226
-1,87.03999999999999,3311,230
-1,156.94804500204776,1111,232
1,-105.6118726656,3311,247
-1,-13.20294400000001,3311,284
1,-39.37638400000001,1111,286
1,112.03382642578818,3331,317
1,-78.49214315724801,3111,343
1,-32.859179417600004,3331,357
1,8.0,3311,360
1,-90.14382928633316,1331,391
-1,211.35195855720235,1131,423
-1,95.74553599999999,3111,467
1,88.48786601961064,3111,470
-1,72.94720000000001,1311,474
-1,-12.5313664609954,3111,498
1,-39.436800000000005,3131,43
1,-39.16134400000001,3331,103
1,110.43579501243272,3131,106
-1,-7.052800000000005,1131,169
1,8.0,3331,185
-1,8.494344783713736,3111,199
-1,90.27934207999999,3311,211
-1,-7.052800000000005,3131,298
-1,62.18079080295276,3111,328
1,0.12440453119999972,3111,480
-1,60.66862080000001,1111,3
-1,165.5936,1311,171
1,-39.40413849600001,1111,222
1,7.0271999999999935,1331,275
1,8.0,1331,312
1,7.039999999999992,3131,359
1,8.0,3131,407
-1,65.9514368,1131,465
1,8.0,3111,8
-1,67.02429618386273,1111,13
1,88.0,1331,56
-1,50.1632,3311,73
-1,220.36209584352474,3111,246
1,0.6399999999999935,3311,250
-1,67.88683797931125,3131,342
-1,92.4059035460891,1331,403
1,8.0,3131,421
-1,156.38151388979435,1311,436
-1,-26.143928320000008,1331,496
-1,11.673599999999993,1111,86
-1,60.635063124453055,3131,184
-1,14.534034227200003,1111,235
-1,109.64735999999999,1111,248
-1,88.0,3111,300
-1,118.4,1331,24
-1,132.502307407711,3111,108
-1,37.160959999999996,1311,131
-1,166.0177773297035,3111,182
1,8.0,1111,278
-1,69.34534307839999,3311,320
-1,113.1447771538653,1111,379
-1,140.82472025953285,3331,466
-1,33.530854046815,3331,45
-1,37.44,1331,72
1,8.0,3331,130
1,-24.545446114099207,1111,195
-1,-16.033361920000004,3131,329
-1,113.73377994751999,3131,333
-1,170.5739264,1311,336
-1,-0.3115130880000052,1311,483
1,-74.69319372800001,3311,59
-1,174.6634852682505,1111,62
1,8.0,1311,83
1,-78.49214315724801,1311,92
1,29.406483642429272,1311,119
-1,116.12371541426172,3111,120
-1,137.02358722263568,3311,139
1,0.6399999999999935,3311,172
1,-39.37638400000001,3331,188
-1,118.68984847761408,1111,197
1,-39.436800000000005,3111,212
1,74.94458773910452,1331,215
1,-39.37638400000001,3331,217
1,3.873444312660908,3331,219
1,8.0,1111,220
1,8.0,3111,240
1,8.0,1131,251
1,-39.436800000000005,3111,254
1,36.2589282304,3331,260
-1,155.33593691769437,1111,261
1,-47.12108597837825,3311,267
1,8.0,1131,269
1,73.81373678926647,3331,281
1,3.873444312660908,1111,282
-1,161.32815962388622,3311,315
1,160.14330442584378,3331,339
-1,110.9632,1131,358
-1,25.020761384756447,3111,364
1,-74.60288512000001,3331,366
-1,80.64,3331,377
1,8.0,1111,383
-1,117.44,3331,396
1,0.6399999999999935,3111,437
1,-39.37638400000001,3331,439
1,0.6399999999999935,1111,443
-1,37.44,1111,448
1,0.6399999999999935,1111,490
-1,-85.07100687127021,3331,389
-1,87.03999999999999,1131,408
-1,119.95885453312,3331,20
-1,-6.443462656000001,3311,93
1,-17.0811720269824,1111,149
-1,-31.201734656000006,1111,152
-1,-7.636661008544557,1331,163
-1,40.033849344,3331,168
-1,201.5832035084962,3311,208
-1,-31.3602405761024,3311,213
-1,34.99775999999999,1111,228
-1,110.32379969110016,1331,236
1,-52.480000000000004,1331,252
-1,2.995199999999997,3331,277
1,79.263330304,3331,294
-1,8.0,3111,306
1,26.4912142063285,3331,307
-1,37.44,1331,340
-1,52.14122277354785,3311,387
1,8.0,1111,441
-1,72.00336737075199,1131,5
1,-72.13160641714568,3111,9
-1,108.85174671887565,3311,23
-1,39.872,3331,27
1,-32.960884736000004,1131,29
1,-60.38838092061738,1131,39
1,-32.96000000000001,3111,67
-1,-8.189440000000012,1331,88
-1,0.6399999999999935,3111,116
-1,40.5632,1111,170
-1,-10.8690432,1131,181
1,-6.146278189964605,3331,187
-1,152.027869184,3111,196
1,-50.12074947325212,3111,221
-1,0.6399999999999935,3331,226
1,8.0,3131,239
-1,81.86385423681546,1331,271
-1,-39.97030400000001,3331,284
1,8.0,1111,285
1,52.903890890729414,3331,290
1,64.40820796456792,3311,292
1,-14.788910874624008,3331,322
-1,82.371143237632,3331,357
-1,30.963199999999993,3311,360
1,-25.585453790716457,3331,372
-1,-26.184665460899843,1111,385
1,-69.00480000000002,3331,391
-1,37.44,1111,397
-1,38.4,3311,426
-1,76.591616,1131,42
-1,62.635813008834546,3331,185
-1,-4.212224000000006,3131,297
-1,-7.052800000000005,3331,298
1,-37.36422400000001,1131,404
1,-150.03933956042005,3311,452
1,53.15222073549599,3311,469
-1,37.44,3131,480
1,17.014356778947864,1111,488
-1,-10.928517120000002,3331,64
-1,0.6399999999999935,1331,275
1,8.0,1311,312
-1,108.85266266237613,3131,407
1,-6.398875411624751,1331,463
-1,130.03224897683455,3111,8
-1,8.0,1131,56
-1,166.145536,3131,179
-1,25.118265343999994,1111,202
1,-68.854018048,1311,256
1,16.627200000000002,3311,299
-1,-73.95774015116149,3331,400
-1,132.53376,3131,421
1,82.60096,1331,424
-1,8.0,3331,497
1,29.365200317841406,3111,40
1,-57.3919678661969,3331,96
1,-7.146653738598403,1111,173
1,17.468531372122214,3331,184
1,54.677716247761396,3331,200
1,0.6399999999999935,1331,223
-1,24.193536,3311,300
-1,31.039999999999992,3331,311
1,62.8226073755648,1311,323
1,82.97773075786509,1311,326
1,-73.37445679842921,1331,373
-1,-9.408000000000008,3311,54
1,8.116390298030026,3311,81
1,54.842961355263164,3131,140
-1,137.71519999999998,1111,278
-1,37.44,3131,466
-1,53.46310307839999,3111,475
-1,148.86656,1311,72
-1,71.75431110656,1331,130
-1,97.04160882899951,1131,151
1,58.26415407814214,3131,155
1,112.37401462089912,1311,165
1,75.98953653391251,1131,329
-1,104.93696,3111,336
-1,37.44,3311,456
-1,-10.928517120000002,1331,12
-1,144.26374459993622,1311,83
-1,57.391820800000005,3311,99
1,-74.704384,3111,105
-1,117.3632,1111,126
1,-68.4262268928,1111,138
1,41.89440867099152,3331,139
1,8.0,1311,143
-1,86.67840854779098,3131,145
-1,-10.928517120000002,3331,157
-1,-13.560533552673583,3111,158
1,7.039999999999992,3131,206
-1,166.7500378882048,3111,220
-1,37.44,3331,227
-1,117.44,3311,240
-1,100.66291097599999,1131,251
-1,159.88553728,1131,269
-1,-42.98365142911943,1131,301
-1,95.74553599999999,1111,324
-1,-17.9011739648,3131,337
-1,-10.928517120000002,1111,381
1,8.0,1131,383
-1,124.7778114624182,3311,414
-1,-28.026149500459425,3311,430
1,76.4330355794672,3311,437
1,109.24975443171971,1131,443
-1,119.0272,3131,448
-1,47.05044480000001,1311,472
1,-61.57199036101165,3111,486
1,64.98155140360774,3131,499
1,8.0,3331,11
-1,8.0,3131,136
-1,-78.49214315724801,1111,149
1,203.63213596828842,3131,152
-1,37.44,3311,160
-1,7.039999999999992,1331,168
1,38.453489664,3331,194
-1,-12.172636410558333,1311,207
-1,-46.08030720000001,1331,252
-1,9.1516928,1131,265
-1,0.6399999999999935,3331,294
1,153.47038207999998,1331,341
1,82.477056,1131,354
-1,1.2596428800000012,3331,392
1,108.3030528,3111,399
1,163.3280397929226,1331,434
-1,100.37729279999999,1111,441
1,52.533759999999994,3331,4
-1,8.0,3331,14
1,-33.39310780912764,1331,29
1,-9.550928601260921,3131,39
1,41.07223040000001,1311,47
1,172.655415230464,3131,67
1,-45.92558850048001,3311,79
1,41.550195190545786,3331,98
1,0.6399999999999935,1131,142
1,116.63790882816,1331,181
-1,-34.31680000000001,3311,196
-1,119.46355951804694,1131,226
1,30.25267845014404,3111,232
-1,0.6399999999999935,1111,285
1,72.54025293660159,3331,318
1,111.552,1311,338
-1,-7.210579799841433,3331,391
1,36.4284928,3311,395
1,130.64258215795252,3131,423
1,2.995199999999997,1311,474
1,107.2186546651136,3331,43
1,36.60509955495034,3111,44
1,211.3143116931238,3331,106
1,47.70913481834984,3311,137
-1,8.0,3331,169
1,134.57041712918058,3311,199
1,-12.373003829248006,1131,258
1,-9.396475363328001,3111,328
1,110.79948288000001,3111,450
-1,8.0,3331,452
-1,0.6399999999999935,3311,469
-1,7.039999999999992,1131,480
-1,131.02410925402353,1131,488
-1,-38.16466573505332,1311,3
-1,-35.98500313845916,3131,7
-1,-33.82382414208697,1131,34
1,18.675712771855757,3331,148
-1,0.6399999999999935,3331,154
1,7.039999999999992,3331,214
-1,-36.17024000000001,3311,222
1,166.55676365209604,3331,312
-1,19.692549734399996,3331,407
1,181.7943138304,1331,22
1,37.44,1331,112
-1,8.0,3331,156
1,115.55184230399999,1331,202
-1,5.0175999999999945,3331,204
-1,81.3952,3331,218
1,87.03999999999999,3331,246
-1,-24.558066407833593,1311,256
-1,-39.436800000000005,3311,299
-1,-7.052800000000005,3111,302
-1,6.4512,1131,421
-1,0.6399999999999935,3111,40
-1,9.472000000000001,3331,55
1,116.2640683229305,3311,167
1,30.331584988582733,3331,223
-1,9.472000000000001,1131,235
-1,8.0,3331,248
1,42.32127754928127,1331,351
-1,-62.27947800960697,1111,417
-1,47.04,1311,24
1,-131.85774861793112,3331,109
-1,0.6399999999999935,1131,140
-1,0.6399999999999935,3111,161
-1,31.039999999999992,3311,175
-1,72.94720000000001,1111,177
1,164.18628435662612,1131,180
1,68.99953070899198,3311,229
1,28.302079708422156,1311,245
1,153.87140106354687,1111,262
1,-32.96000000000001,1131,278
-1,46.1952,3311,287
-1,8.0,3331,321
1,87.03999999999999,3331,327
-1,8.0,3131,379
-1,8.0,3331,440
1,116.8512,3111,458
-1,7.039999999999992,3331,475
-1,7.039999999999992,3331,478
1,105.38620928,1311,481
-1,-3.824532553727998,3331,35
1,76.98818934013408,1331,45
-1,7.039999999999992,3331,58
-1,7.039999999999992,1131,72
1,50.545168384,1331,329
-1,-100.55841792,1111,330
-1,8.0,3331,333
-1,3.0720000000000027,3331,363
-1,8.0,1311,41
1,153.29569053111032,3331,57
-1,9.395199999999996,3131,113
-1,8.0,1311,114
1,164.27368453531238,3131,117
-1,0.6399999999999935,3131,125
1,121.09977599999999,1331,126
-1,7.039999999999992,3131,128
1,131.51450775552001,1331,138
-1,3.0720000000000027,1311,143
1,67.10337072425756,3331,145
-1,-32.96000000000001,1111,210
-1,8.0,3131,212
1,168.53014802928072,3331,240
1,63.640490482073595,3131,254
-1,-32.7416078336,3111,255
-1,9.472000000000001,3131,261
1,88.67931339473435,3331,315
1,236.92354837294224,3131,364
1,165.1555966941397,3331,383
1,111.03999999999999,3311,393
1,155.31237628099734,3331,414
-1,7.039999999999992,3111,415
-1,6.89358607230173,3111,437
1,130.3762339548365,3111,464
-1,7.039999999999992,1331,472
-1,-38.608509197282984,3331,473
-1,-11.56864000000001,1311,490
-1,-58.381648515563526,3131,20
1,-11.700616396800001,3331,93
1,146.1875972598183,3131,136
1,-6.256606412800011,3311,213
-1,11.279359999999997,1311,313
1,4.93808648713329,3111,334
-1,8.0,1311,384
-1,1.1294474239999985,3311,433
-1,-46.20646400000001,1331,19
-1,-32.96000000000001,3111,50
1,47.43259854510395,1111,142
-1,8.0,3331,150
-1,8.0,3311,159
1,143.3472,3131,226
-1,-9.96817271777011,1331,391
1,32.792449810432,3311,394
1,2.995199999999997,1111,397
1,-10.358312040923124,3131,297
1,-10.928517120000002,3131,404
1,18.582226894929022,3331,450
1,60.44694222916813,3331,452
-1,7.039999999999992,3311,148
1,-0.08527472037569339,3331,407
1,-28.985614421196807,3331,463
-1,101.49527345228859,1111,56
1,-1.0657792000000015,1311,134
1,0.6399999999999935,3331,218
1,8.0,1311,442
1,-48.66071315399611,1111,80
1,42.264273833164786,1131,86
1,-66.466615296,3311,248
1,39.356043264,3311,311
1,64.30781786836437,3311,54
-1,6.4512,3311,225
-1,-32.82688,1311,245
-1,-29.296147571503056,1311,264
-1,40.6330368,1131,278
-1,49.675776,3331,303
-1,7.039999999999992,3131,321
-1,0.6399999999999935,3111,335
-1,7.039999999999992,3311,388
1,13.970870271999992,3331,440
1,52.16932186836436,3131,466
-1,7.039999999999992,3331,183
-1,-31.372800000000012,1131,329
1,242.34418221702563,3331,333
-1,-34.5472,1331,363
1,140.445804691456,3311,456
1,69.838336,1311,41
1,100.7520768,1311,114
1,162.838812000256,1131,117
-1,3.0720000000000027,1111,143
1,86.18089797916534,3111,158
1,35.717056200536234,1111,210
1,-4.893031628800017,3131,212
1,29.46816000000001,3331,227
1,225.4133227203279,3131,240
-1,8.0,1131,273
-1,95.279616,1131,383
-1,8.0,1311,393
1,62.16938770770428,1111,288
-1,-40.09121792,3131,25
1,67.90064715319316,3331,101
1,178.04601690836435,3311,160
1,-37.36422400000001,1111,228
1,-8.586178560000008,3131,375
1,2.9276160000000004,1111,380
-1,-128.63731712000003,3311,489
1,1.2596428800000012,1311,28
-1,9.472000000000001,1131,47
1,35.536302080000006,3111,50
1,-19.74993807979053,3131,98
1,-37.76468992000001,3131,196
-1,35.71998927888729,1311,230
1,16.880443752382064,3311,234
-1,-30.324224000000008,1131,322
1,7.039999999999992,3111,498
1,8.0,1131,42
1,20.377259114496,3311,185
1,-65.187885056,3111,211
-1,91.10066223513599,3111,272
-1,-12.536416575946745,3311,452
1,124.714116612096,3131,480
1,8.0,1111,484
1,-69.00480000000002,3131,7
1,9.395199999999996,3111,78
1,8.0,1331,171
1,2.995199999999997,3331,275
1,6.4512,1111,13
-1,66.50835812352,3131,30
1,-31.29740977103993,1111,202
-1,14.245271666687998,3111,204
-1,-48.63731712000001,3331,347
-1,8.0,3331,442
-1,7.039999999999992,1331,494
1,7.039999999999992,1331,496
1,-20.498219761664004,3111,55
1,140.98354844002554,3131,201
1,2.995199999999997,3311,300
1,39.168555178593046,1131,449
-1,123.381248,1331,95
-1,121.8189199382368,1331,107
1,121.24458832082234,3111,175
1,9.351411184959488,1111,177
1,64.8747065344,1311,243
-1,8.0,1111,244
1,9.472000000000001,3111,262
-1,8.0,1131,327
-1,136.67470589952,3111,471
1,52.74395822391295,3131,45
1,49.44909694907255,3331,68
1,-32.084889600000004,1131,130
1,-6.101790720000004,3111,336
-1,0.6399999999999935,1311,348
1,8.0,3111,444
1,87.03999999999999,1111,468
1,3.010559999999998,1111,483
1,-49.236111359999995,1111,117
-1,34.29996544,1131,337
-1,29.80095999999999,3111,383
1,6.916095999999996,3311,414
-1,103.30869650554881,3131,430
1,8.0,1311,472
1,-64.28476685610633,3131,20
1,-32.96000000000001,3331,33
1,-15.796893614080005,3311,93
1,26.422729351329146,1311,207
1,173.7073330339064,1131,265
-1,8.0,3131,341
-1,9.472000000000001,3131,375
1,4.052115947519994,1331,19
-1,8.0,1111,23
-1,-39.869555245056006,3311,26
-1,-48.918684100198405,3131,116
1,-40.22456515375923,3331,196
1,63.87418082705408,3331,284
1,70.42557919232,3131,360
1,-39.436800000000005,1311,397
1,92.94126694399999,1111,470
-1,-10.612224000000005,1331,42
1,6.258917745098749,1131,169
-1,-31.372800000000012,3311,185
1,-53.796941194854405,3331,272
-1,20.828426239999985,1311,328
1,68.68487926503565,1131,484
-1,8.0,3311,7
-1,7.039999999999992,3331,17
-1,0.5631999999999948,3311,115
1,80.30948191288934,3311,148
1,33.166028799999985,3331,171
-1,6.4512,3331,296
-1,7.039999999999992,3331,30
1,116.59519999999999,3331,112
-1,8.0,3331,118
-1,1.2154879999999935,3131,204
-1,9.395199999999996,3131,302
1,7.039999999999992,3111,421
1,170.76375854116765,3311,436
1,118.4,3331,442
1,100.92218711572973,3331,205
1,111.957363490816,3331,311
1,55.18526464,1331,323
1,-56.3727487401984,1111,131
1,-39.469926901350405,1311,264
-1,145.44222208,1311,355
1,30.8778430038016,1311,451
-1,8.0,3331,72
-1,8.0,1111,130
-1,-33.80480000000001,1111,336
-1,2.9276160000000004,3131,444
1,3.010559999999998,1311,483
1,15.745535999999994,3331,59
1,26.256932704951986,1131,62
1,95.74012927999999,1331,83
1,26.421719039999992,1131,125
-1,8.0,1131,143
1,80.8072270670587,3331,259
1,160.88478682320994,3131,301
1,111.03999999999999,1131,324
1,88.0,1331,393
1,-27.1488,1111,472
1,45.178097663999985,1331,389
-1,38.18874189439303,3131,2
1,-30.061032208544567,3131,25
-1,-12.139968626688002,3331,33
1,156.730896384,1331,313
1,108.37025679605757,1331,340
-1,-24.722944000000005,1311,356
1,2.995199999999997,3311,387
-1,0.6399999999999935,3131,434
-1,9.472000000000001,3311,234
1,39.277055999999995,1331,357
-1,-39.436800000000005,3131,360
1,-8.916301941309449,3131,391
1,2.995199999999997,1131,297
1,73.4686208,3331,298
1,23.362963286261746,3311,428
-1,-72.88051712000001,3331,7
-1,149.92105062400003,3131,38
1,116.772383260672,1311,148
-1,-72.56963072000002,3331,171
-1,8.0,3131,361
-1,8.0,3311,374
1,82.99520000000001,1131,56
-1,8.0,1331,94
1,138.96905841049602,3331,118
-1,8.0,1131,432
-1,-32.96000000000001,1331,442
1,-4.251217920000002,1111,40
-1,-39.436800000000005,3331,205
-1,-57.48787200000001,3311,248
1,-30.066320794471117,3331,401
-1,7.039999999999992,1131,321
1,-101.13036683335173,1331,440
1,138.39364769191036,3311,460
1,68.1216,1111,130
-1,3.245055999999998,1131,155
1,112.4358144,1131,195
-1,0.6399999999999935,3311,253
1,161.12990208,3331,31
1,121.75616,1131,146
-1,-21.251379200000002,3331,268
-1,8.0,3331,383
-1,8.0,1131,393
-1,-2.480517120000002,3311,396
-1,8.0,3111,420
1,106.66765300054902,3331,430
-1,133.8186850304,1111,472
-1,-0.9586501349788747,1311,77
1,7.039999999999992,1131,313
-1,61.408638566399986,3111,341
1,0.514399436799998,3311,26
1,-66.6948243750912,3131,116
1,39.886336,3311,196
-1,165.3253193565258,1131,271
1,5.5257186304,1131,385
1,1.3951999999999956,3331,467
-1,86.14553599999998,1111,169
-1,124.10602716432172,1311,199
1,-32.96000000000001,3131,272
1,7.039999999999992,1111,148
-1,30.963199999999993,1331,171
1,23.036065382400004,1111,8
1,-5.026082962800643,1111,56
-1,84.9520243036277,3131,293
1,194.61541785109307,3331,332
1,8.41216,1111,421
1,-24.896000000000004,1331,442
1,8.0,3311,173
-1,160.33839235072,1111,24
-1,25.561294835967594,1111,131
-1,202.76695591157758,3111,350
-1,111.03999999999999,3311,72
1,42.5894770389224,1111,336
1,5.833215999999993,3131,444
1,11.356159999999996,3111,456
-1,212.74558367737578,3111,36
1,59.086516907024205,3311,158
-1,63.95863989075743,3131,206
1,0.45055999999999585,1311,215
1,2.989055999999998,1131,220
-1,44.241650422324845,3311,259
-1,69.03627020379992,3131,273
-1,111.29937418649601,3311,383
1,7.039999999999992,3111,430
-1,200.6896660381696,3111,448
1,-35.69214177280001,3131,473
1,-22.456565760000004,3131,228
1,40.612713968959504,3131,294
1,8.0,1131,441
1,115.467776,1131,477
-1,-36.2368,3331,489
1,57.25022208,3331,26
1,34.842976485376006,3331,27
-1,8.0,1311,141
-1,3.988529680220161,1131,142
1,30.963199999999993,1331,147
-1,8.0,3311,338
-1,0.6399999999999935,3131,467
1,8.0,3131,491
-1,0.6399999999999935,3131,272
1,44.256071679999984,3131,450
1,133.68178688,3331,30
1,117.29164288,3331,156
-1,6.4512,1131,362
-1,0.6399999999999935,3131,432
1,83.167208964096,3331,55
-1,3.787385733119997,1311,80
1,153.2015499275896,3331,97
-1,155.24096,3311,173
1,132.7508938752,1131,235
1,94.9738343038976,3331,248
-1,2.0394678419455943,1331,326
1,6.382361197567796,3331,373
-1,8.0,1331,413
-1,3.3494339158015975,3331,54
1,88.06224675768229,3311,107
-1,8.0,3331,182
1,8.0,3331,191
-1,0.6399999999999935,3331,379
1,77.48096,1331,451
-1,36.8512,1311,453
-1,-42.1828550656,3331,459
1,74.67968512,3331,475
-1,8.0,1331,481
1,92.31360653349041,3331,58
-1,8.0,3131,72
-1,-62.8048896,1131,130
-1,8.0,1331,183
-1,8.0,3331,128
-1,2.989055999999998,3131,220
1,153.388494848,3131,251
1,88.0,1331,324
1,-7.623553651635653,3131,337
1,104.06959799730176,1331,366
1,53.045622112256,1111,377
-1,7.039999999999992,3331,393
1,117.44,3331,435
-1,2.0394678419455943,3331,499
1,61.90635008,3331,382
-1,-34.754652569600005,3111,387
-1,1.0630807259866728,3311,89
-1,8.0,3111,237
1,65.06878478062714,1131,286
1,118.77796003840001,1131,485
1,59.8238208,3331,42
1,40.63401984000001,3331,75
-1,0.6399999999999935,3131,154
-1,8.0,3311,84
1,118.667776,1131,134
-1,8.0,1131,442
1,4.002357899301472,3331,487
1,62.88372463882881,3131,86
-1,7.039999999999992,3111,173
-1,6.436044799999998,1331,323
-1,-39.436800000000005,3311,107
1,114.646257664,3331,182
-1,-22.523459066761582,3331,191
1,59.906807938731205,3111,335
1,82.60096,3131,379
1,-44.346112169738255,3311,471
1,80.64,1331,481
-1,8.0,1131,183
-1,7.039999999999992,3111,456
1,85.98458859520001,3131,85
-1,7.039999999999992,1331,128
-1,-0.03025305599999939,3311,138
-1,2.995199999999997,3331,273
-1,-2.6877539924836356,3331,365
-1,0.5631999999999948,1311,415
-1,6.9632000000000005,3311,448
1,-32.96000000000001,1111,77
-1,-3.7012506471301236,3331,93
1,-38.16806400000001,1331,168
-1,-10.8690432,3111,213
-1,89.00095999999999,3111,228
-1,86.7258368,1131,313
1,117.44,3111,455
1,8.0,3131,9
-1,-17.48167838460821,3311,71
1,-25.6,1111,98
1,9.395199999999996,3131,174
1,0.6399999999999935,3111,284
1,-54.591557173248,1131,322
1,9.030164479999996,1111,328
1,0.6399999999999935,3311,73
-1,161.16543981012123,1111,204
-1,155.9526288457728,1331,347
1,110.9632,1131,442
-1,106.6086817792,3111,262
1,8.0,3111,321
1,49.61630208,1111,481
1,0.6399999999999935,3131,130
-1,48.50532778691789,1111,348
-1,108.35241790679979,3311,57
1,-63.255654400000005,1131,85
1,5.944250497383791,1331,119
-1,-62.0605929753486,3311,158
1,10.652934144,3311,259
1,8.0,3131,324
-1,111.03999999999999,1111,383
-1,75.72850807779514,1111,443
-1,52.52333694720715,1111,77
-1,68.4980379648,1111,384
-1,55.445725617531195,1111,455
1,37.44,3331,461
1,8.0,1111,477
-1,-1.7280000000000015,3331,9
1,8.0,3311,67
1,8.0,3111,91
-1,-4.304383999999999,1111,98
1,-110.15916666880001,1131,116
1,88.0,3311,221
-1,12.708181999616002,3131,237
1,28.77790207999999,3131,284
1,37.44,3331,360
1,8.0,3111,385
-1,57.456367801466875,3311,395
1,37.44,3331,491
1,-7.052800000000005,3131,42
-1,4.671999999999997,3131,169
1,52.03714916352,3111,222
-1,106.8622848,1111,302
-1,-23.642171498780634,3111,55
1,37.44,3111,248
-1,166.145536,1111,323
-1,138.526208,3111,321
-1,8.0,1111,438
-1,9.472000000000001,3131,45
-1,-54.71275495849984,3331,138
-1,8.0,3311,197
1,-5.906739200000004,3311,220
1,111.2479358976,1331,251
-1,0.6399999999999935,3311,255
-1,8.0,3331,295
-1,-88.71277775327069,3131,383
1,13.935474278399994,3131,486
1,30.543578536072964,3331,499
1,8.0,1131,77
-1,143.3472,3331,149
1,8.0,3111,160
1,62.951447756799986,3111,306
1,-27.00279647436801,1111,340
1,-41.64864000000001,3131,434
1,8.03093623697572,1111,455
-1,80.64,1111,477
-1,63.347199999999994,1331,4
1,-4.304383999999999,3331,9
-1,117.44,3331,67
-1,137.647616,3111,91
-1,20.008792706252798,3331,181
1,8.0,3331,221
-1,17.133536591913156,3111,385
1,37.44,3331,426
1,44.274306088959996,3131,169
1,3.1915720703999924,3111,199
-1,106.24972799999999,1111,328
-1,124.54911066112,3131,452
1,8.0,3131,30
1,8.0,3111,80
1,-32.96000000000001,3111,86
1,40.5632,1311,54
-1,8.0,3331,66
-1,118.4,3111,131
-1,63.87345407999999,1111,229
1,7.039999999999992,1111,287
-1,3.280104634974208,3311,58
-1,15.745535999999994,3311,165
1,34.66310289457203,3331,195
1,-38.25713561600001,1111,330
1,61.28542688870401,3331,363
-1,51.69031168,3331,125
1,-74.704384,3331,138
1,31.678189861601275,3111,206
-1,174.62770179616496,1311,215
1,12.115602786222077,3111,301
1,8.0,3331,324
1,8.0,3331,337
1,8.0,3311,349
-1,49.410560000000004,1331,365
1,-25.73985792,3131,383
-1,72.94720000000001,3331,415
1,-98.02868912378125,1311,51
-1,-9.984515087945027,1131,77
-1,184.3842048,1131,82
-1,100.75850621116057,3111,160
-1,2.995199999999997,3331,461
1,-56.76560983654401,3311,489
1,8.0,1311,216
-1,161.12990208,3331,221
1,9.3286145458176,3331,230
-1,58.49214566399999,3331,360
1,8.0,3331,395
-1,117.44,3111,423
1,8.0,1111,447
-1,82.99520000000001,3331,491
-1,69.07148288,3131,42
-1,83.5404857344,3131,450
1,-32.96000000000001,1131,38
-1,178.54900501610496,3131,115
1,36.0566344318976,3311,222
-1,167.4436021570765,3311,406
-1,-13.922533362061081,3311,30
-1,86.14553599999998,3311,190
-1,34.46405624627197,3331,241
-1,117.44,3331,302
-1,-16.223021465600006,1311,51
1,49.4423138304,3311,111
1,27.778795423725697,3331,160
1,112.512,3311,252
1,-107.85449866866568,3331,375
1,114.85964288000001,3311,477
1,104.09215999999999,3311,493
1,30.963199999999993,3131,4
1,32.512,1331,14
1,47.81614657621196,3111,23
1,32.512,1331,28
1,105.26976,1331,47
1,110.9632,1131,147
1,90.72990208,3331,150
1,30.963199999999993,3111,203
1,80.64,1331,226
1,-12.752384000000013,3331,237
1,-5.310667985518592,1331,289
1,-51.22209792000002,1111,368
1,80.64,1131,391
1,108.06274195456001,3131,485
1,199.978996170752,1331,76
1,110.9632,1111,263
1,181.7943138304,1111,376
1,88.0,3131,484
1,39.24520328626175,1331,38
1,110.9632,3331,132
-1,9.087985319935996,3131,224
1,110.9632,3331,406
1,80.64,1311,94
1,39.842313830399995,1311,190
1,80.64,1131,347
1,102.70700912640001,3331,352
-1,-37.814784,3311,497
1,85.13536,3131,235
1,159.75919346647044,3131,248
1,110.9632,1331,378
1,80.64,1311,413
1,142.453940224,1131,24
1,71.17928448,1131,61
1,57.647616,3331,153
1,30.963199999999993,1111,161
1,80.64,3111,244
-1,2.9533143039999956,1311,262
1,82.99520000000001,3111,72
1,72.203776,3111,130
1,80.64,1311,253
1,137.647616,1331,280
1,133.3814697984,1331,348
1,80.64,3131,36
1,110.9632,1111,41
-1,2.989055999999998,1111,114
1,77.11034181287937,3311,120
1,67.247616,1131,145
1,80.64,3111,210
-1,6.9632000000000005,3131,227
1,146.84715008,1331,269
1,49.75545106431999,3111,295
1,89.3952,1311,324
1,30.963199999999993,3131,358
1,88.0,1131,364
1,-12.772659200000007,1131,365
1,80.64,3311,420
1,30.963199999999993,3311,435
1,98.21141477640373,3131,65
1,8.0,1311,228
-1,89.44461414400001,3111,419
-1,62.99496856428951,3111,98
1,30.963199999999993,3331,141
-1,27.352692338331956,3131,317
1,5.379809279999996,1311,185
1,48.52636234416128,3131,298
1,2.8646457344,1311,425
-1,116.553314304,3111,484
-1,176.3729516456608,1111,148
-1,9.472000000000001,1331,374
1,23.94706493439999,1131,124
1,8.0,3311,55
-1,64.19533414399999,3111,248
-1,92.22979087761408,1311,191
-1,118.73536000000001,1111,242
-1,139.544064,1111,220
1,30.963199999999993,3311,268
1,88.8832,3131,269
-1,77.00714946734695,1111,364
1,25.02809599999999,1111,365
-1,82.43560448,1111,437
-1,87.60468912891494,1131,473
-1,82.79982079999999,1311,228
1,2.9276160000000004,1331,236
1,1.2596428800000012,1311,477
-1,77.51393279999999,1331,39
-1,80.0512,1111,116
-1,80.64,1331,312
1,151.12558456209408,3111,63
-1,83.50162944,1111,55
1,1.3191167999999962,1111,235
1,0.05119999999999436,1111,348
1,4.1510297245056975,1111,62
-1,80.64,1111,393
1,6.9632000000000005,1111,448
-1,62.0873107515533,3331,464
-1,8.0,1111,33
1,8.883199999999995,1311,341
1,10.828800000000001,1111,384
1,-31.66464,1111,47
1,7.398964002816001,1131,181
-1,42.125596161107566,1311,312
-1,33.035776000000006,1331,112
1,30.963199999999993,3331,497
-1,89.7842261008213,1331,223
1,0.24653823999999958,1331,130
1,6.912327679999997,1311,348
1,4.0575999999999866,1311,393
1,87.78037595340798,3311,228
-1,-40.16310272,1331,29
-1,1.4368358399999934,3331,426
1,-65.932448661504,1311,3
-1,3.0934220799999963,1311,134
1,106.37686534438912,3331,204
1,88.0,1131,362
-1,11.811258761215996,1331,436
-1,0.6399999999999935,1311,108
1,59.79858944,3331,321
1,82.99520000000001,1131,72
-1,1.774121044435212,1331,151
-1,8.883199999999995,3331,166
-1,-34.32294400000001,3331,280
1,91.46777600000001,3131,113
1,10.729902079999995,3111,255
1,87.03999999999999,3331,269
1,85.06777600000001,3111,324
-1,-70.6132992,3131,365
1,-29.775872000000007,1311,490
-1,88.0,3111,33
1,-12.832604160000002,1111,252
1,81.8049394343936,1311,313
1,36.6072832,1311,384
1,111.06142208,3131,302
-1,3.942932479999996,3111,362
-1,89.47200000000001,1311,442
1,-9.182965760000009,1311,24
1,84.75667234719239,3311,175
1,38.070457958400006,3311,225
1,89.3952,3131,321
1,17.464440672188147,1131,45
1,90.822656,1331,72
1,89.33376000000001,3311,448
1,92.4889088,1131,47
1,72.713728,3131,467
-1,88.764514304,1111,484
1,-119.47916890879992,3331,347
-1,11.690894859090001,3111,66
1,9.679237939199993,3111,383
-1,2.863766794928125,1311,433
1,58.31272448,1111,23
1,111.02976,3311,239
1,-28.787814400000002,1331,42
1,130.79386441687907,3311,7
1,89.3952,1331,128
-1,5.067775999999995,1131,415
-1,2.995199999999997,3131,391
-1,1.4368358399999934,3131,426
1,14.51921270043514,3331,7
1,61.40276372464637,3131,361
1,-10.506247847280648,1111,243
-1,0.6399999999999935,3131,324
1,2.9598112144909408,1311,77
-1,88.3273728,3131,493
1,7.65964288,1131,174
1,3.0776110736395808,1331,187
-1,28.157603905536007,1131,385
1,12.675276799999999,3131,465
1,7.151615999999997,1111,134
1,-20.93063972192256,1311,95
-1,67.85787887403139,3111,430
-1,-5.711103162419654,3131,473
-1,5.067775999999995,3311,189
-1,31.039999999999992,1331,356
-1,8.0,3331,225
-1,6.445055999999994,3311,321
-1,4.7709066603003905,3131,197
-1,6.4512,3331,420
1,93.25409727162153,3131,265
1,81.709839321976,3331,174
1,0.6399999999999935,1311,356
-1,77.433208832,3131,130
-1,88.0,3131,409
-1,82.6586958129393,1331,119
-1,8.0,1311,252
1,31.463935999999997,3311,467
-1,106.91989896452344,1111,449
-1,8.0,1331,153
-1,80.7814897664,3311,220
1,30.963199999999993,3331,295
-1,0.6399999999999935,3331,324
-1,2.995199999999997,3131,486
-1,91.01588459840738,3311,392
-1,73.06936251711488,3331,493
-1,117.44,3311,368
1,0.5631999999999948,1131,480
-1,23.530578574207482,3111,86
1,18.637316587520004,3331,390
-1,8.0,1111,478
-1,-15.461980655770219,3331,195
1,2.995199999999997,3331,125
-1,15.745535999999994,1311,210
-1,92.8707829458568,3111,301
-1,-4.9387638292480105,3331,337
1,2.995199999999997,3331,415
-1,117.10513315840001,3131,189
1,6.405149507842154,3111,265
1,-2.4259379200000026,3331,479
-1,110.9632,1311,216
-1,38.956732888712885,3331,230
-1,143.3472,1311,285
1,-32.96000000000001,1331,425
1,2.7665513868364258,3331,342
-1,87.0815744,3131,347
-1,104.19353600000001,3311,326
-1,86.983830634496,3311,413
1,0.6399999999999935,1111,108
1,8.0,3131,335
-1,24.193536,3331,12
1,8.0,3311,105
-1,203.8631030784,3311,143
-1,-43.305483632640005,3331,443
1,72.94720000000001,3331,252
1,88.0,3131,340
-1,56.5605853890738,3131,429
1,84.0832,3331,14
1,6.150224031776766,1331,98
1,8.0,1331,116
-1,111.03999999999999,3131,203
-1,26.492927999999978,3311,285
-1,-12.548257366604211,1331,425
-1,-36.879972086535794,3331,148
1,8.516526079999998,1331,30
-1,7.205826729329225,3131,90
1,76.93655651780199,1331,436
1,8.0,1131,40
1,9.028080828415995,3131,55
1,8.0,3331,167
1,-18.709688319999998,3331,235
1,8.0,3331,300
-1,36.59519999999999,3331,413
-1,186.20807168,3331,107
1,-32.96000000000001,1131,131
1,14.896645734399996,3331,229
-1,8.0,3311,242
-1,8.0,3331,266
1,68.79514840662017,3331,335
-1,-3.4598543359999994,3331,471
-1,117.36380245671936,1331,329
-1,141.952,3111,330
1,16.65356940443648,3311,36
-1,8.0,3331,85
-1,135.868092874752,3311,105
-1,-3.93888890880001,1331,117
-1,8.0,3331,133
-1,8.0,3131,157
-1,8.0,3331,220
-1,8.0,3331,254
-1,8.0,3311,282
1,37.44,3331,316
1,34.60456475394049,1331,377
-1,15.365771447762945,1331,430
-1,37.44,1131,288
-1,-7.012459627079238,3111,265
1,8.0,1311,306
-1,6.000477247313611,3311,307
-1,88.0,1311,341
-1,117.44,3331,354
-1,36.57525382691988,3111,392
-1,-2.8924308684800053,3311,419
-1,113.83827177472,3311,482
-1,59.5629056,3131,14
-1,100.91642879999999,3311,28
-1,27.28275892298653,1331,89
1,44.1371746304,3311,91
-1,88.0,1331,116
-1,80.64,1331,141
1,-32.96000000000001,1311,239
1,-62.49131558010438,3331,247
1,8.0,3331,276
1,69.628650422272,3331,343
1,-32.96000000000001,1311,344
-1,88.0,1311,385
-1,61.92555771075907,3331,137
1,8.0,3331,297
-1,35.80807167999998,3331,376
-1,139.71226938966015,3331,428
1,8.0,3331,224
-1,30.713569019137957,3331,359
-1,-11.845188942158494,3331,361
-1,89.47200000000001,3131,374
-1,-7.052800000000005,3331,22
-1,53.46310307839999,3331,32
-1,140.13302784,1131,112
-1,63.347199999999994,3131,123
-1,-7.052800000000005,3331,134
1,38.4,1331,421
-1,28.153827023912953,3111,487
-1,86.14553599999998,3131,40
1,8.0,3131,80
-1,81.12990208,3331,167
-1,14.782801606722245,3331,201
1,8.0,1331,235
-1,30.963199999999993,3331,300
-1,8.0,3311,24
-1,110.9632,3111,61
-1,48.512,1131,131
-1,0.7234356680828995,1331,140
-1,93.51497727999998,1131,153
-1,8.0,1331,175
1,8.0,3111,177
-1,24.553562456719362,1311,186
-1,70.89198875014071,3111,191
1,8.0,1311,304
1,7.039999999999992,1331,335
-1,170.77806678016,1111,72
-1,88.0,1311,209
-1,87.04753070899199,3331,329
1,2.995199999999997,3331,12
1,10.995199999999997,3311,92
1,8.0,3331,99
-1,43.75663139785456,3311,119
-1,88.0,3111,206
1,8.0,3331,212
-1,38.4,3331,261
-1,-7.052800000000005,3331,301
1,83.71468288,3331,364
1,-74.704384,3331,365
-1,71.07737599999999,3331,371
-1,62.8203331584,1331,420
1,3.0720000000000027,3311,443
1,86.14553599999998,1331,21
1,13.105338223316437,3331,25
1,9.395199999999996,1111,82
-1,69.705688973312,3331,189
-1,116.32448913408,1311,306
-1,-32.96000000000001,3331,39
-1,143.3472,3331,89
-1,-46.4150552576,3311,91
1,72.94720000000001,3331,116
-1,-32.96000000000001,3311,203
-1,40.5632,1311,239
-1,80.64,3331,276
-1,7.15233286515852,3331,289
-1,-7.142667893724145,3331,322
-1,-39.436800000000005,3331,343
-1,20.5632,1311,344
-1,63.347199999999994,3111,485
-1,15.745535999999994,3311,44
-1,80.64,3331,297
1,0.2531308339199967,3111,3
1,8.0,3331,78
-1,110.9632,3331,224
-1,8.0,1331,465
1,38.103911507796425,3331,8
-1,8.0,1331,84
-1,63.347199999999994,3331,94
1,105.56916898201601,1311,202
-1,88.46809088,1331,235
1,2.995199999999997,3311,326
-1,63.347199999999994,3331,378
-1,-25.490944000000006,3131,61
-1,117.44,1311,81
-1,117.44,3111,177
-1,171.35359999999997,3311,244
-1,54.052771430399986,3311,249
-1,142.480694542336,3311,262
-1,86.14553599999998,3311,304
-1,89.693937664,3131,390
-1,81.62627584,3131,440
-1,10.747924479999995,1331,453
-1,132.91396022272,3311,458
-1,16.488960000000006,3131,6
-1,143.3472,3311,209
-1,8.0,3331,409
-1,143.3472,1311,416
-1,143.3472,3331,468
-1,81.33228555235492,3311,36
-1,56.664576,3311,41
-1,-39.436800000000005,3311,92
-1,80.64,3331,99
-1,88.0,1311,117
-1,86.14553599999998,3311,206
-1,15.745535999999994,3331,215
-1,64.33794415608935,3331,316
-1,-39.436800000000005,3331,364
1,-37.29664,3331,443
-1,124.25607167999999,3331,486
-1,8.0,3331,490
-1,37.44,3331,77
-1,-10.588125598498713,3131,160
-1,47.25977182207336,3131,162
1,8.0,3331,340
-1,39.618967142399995,3311,341
1,111.62777600000001,1331,346
-1,37.44,3331,384
-1,37.44,3331,418
1,47.04,3131,5
1,2.995199999999997,3131,14
1,172.7360358972391,3331,39
-1,68.61582782214762,3111,142
-1,14.352150381199365,3331,247
-1,37.44,3331,292
1,8.0,3331,368
-1,97.44,3131,470
-1,37.44,1131,76
1,8.0,3331,328
-1,117.44,3311,488
-1,30.963199999999993,3331,78
1,8.0,3331,446
-1,8.0,3331,13
1,77.51948288,3331,22
1,39.257186304,3331,134
1,2.995199999999997,3331,201
-1,32.512,1111,175
1,2.995199999999997,1311,186
-1,-12.931379200000002,3331,335
1,16.22135647292621,3311,350
1,8.0,1311,379
-1,80.5632,1331,478
-1,117.44,3311,330
-1,124.25607167999999,1331,444
-1,37.44,3331,62
1,8.0,3331,267
1,-2.480517120000002,3331,301
-1,0.6574948024319909,3131,472
-1,110.9632,1331,490
-1,-19.651379200000008,3331,25
1,123.86310307839999,3331,100
-1,37.338066944,3331,313
-1,57.647616,3331,340
-1,0.6399999999999935,1331,346
1,8.0,3311,380
1,49.551729131520005,3311,419
1,-39.436800000000005,3331,489
-1,-12.752384000000013,3131,5
-1,-10.35651497984,3311,47
-1,33.035776000000006,3331,116
-1,33.9072,3331,368
-1,41.04606294105024,3311,385
-1,15.661988503690942,3331,328
1,30.579061194751986,3331,404
-1,-66.82961574777727,3311,3
-1,26.842688589660156,1331,127
-1,28.405621227520008,1311,202
-1,44.69668876867181,3311,323
1,105.41764175923144,1311,417
1,0.5631999999999948,3131,61
-1,110.9632,3331,104
1,111.62777600000001,3131,131
-1,45.296645734399995,3331,198
-1,8.0,3331,244
-1,-7.052800000000005,3331,249
-1,88.0,3311,379
1,113.84576,3311,388
-1,8.0,1131,451
1,8.0,3111,6
-1,7.385088522679233,3131,58
1,8.0,1311,130
1,6.685143073429721,3311,195
1,37.550097581211645,3331,280
1,8.0,1331,283
1,88.0,3331,336
-1,51.76575999999999,1331,220
-1,8.0,3331,251
-1,8.0,3331,282
1,110.9632,3331,490
1,131.06862080000002,3331,77
1,80.09972004900453,3311,207
-1,2.995199999999997,3331,252
-1,6.938589921279998,1331,306
-1,10.754209423817912,3311,380
1,41.80979717898239,3331,384
1,113.03577600000001,3331,418
1,80.59146744627199,3111,477
-1,8.0,1331,98
1,90.63164045473161,1311,232
1,82.21892799677892,3331,292
1,86.4512,1131,76
-1,6.4512,1131,263
-1,8.0,3331,425
1,60.55266930052301,3311,224
-1,3.2636054394046994,3331,8
-1,8.0,3331,462
1,-10.619732299087872,1311,173
-1,82.110869504,3331,235
1,116.62924529401855,3331,413
-1,0.6399999999999935,3131,131
-1,3.3421356092647585,1331,245
-1,11.467775999999994,3331,390
-1,3.2467137331199964,3311,466
-1,9.472000000000001,3111,6
-1,0.6399999999999935,1311,130
1,112.17412104443521,1311,151
1,80.5632,3331,183
1,65.49422080000001,1311,283
1,37.44,1331,336
-1,0.5529862143999935,3311,348
1,28.31880770512209,1331,410
-1,8.0,3331,456
1,88.0,3331,62
-1,11.167164727295997,3331,117
-1,8.0,3331,358
-1,10.237610418503678,1131,377
-1,1.0300475203826238,1311,381
1,207.865846400828,3131,472
1,53.65260849443941,3131,160
1,8.0,3331,228
-1,3.1836160000000007,3131,334
1,44.8714237083648,3311,382
-1,8.0,3311,39
1,3.245055999999998,3331,91
1,5.071870957558083,3111,142
-1,118.218724114432,3131,174
-1,42.39368404992,3331,38
-1,8.0,3311,204
1,-37.36422400000001,3311,323
-1,137.62218353885186,3311,95
1,100.07296,3311,177
-1,8.0,3331,438
1,8.0,1331,62
1,55.55851548106032,3331,215
1,3.0720000000000027,3311,261
1,37.44,3331,163
-1,-33.66393856000001,3331,228
-1,3.1836160000000007,3111,334
1,38.512691085312,3311,341
1,69.95727546290804,3311,39
1,-18.312971836652004,3311,47
-1,0.5631999999999948,1111,498
-1,11.918242021375995,3311,272
-1,2.6428620799999933,3131,404
1,-30.557686169600004,3311,3
-1,8.0,1131,17
1,80.35632843083859,3331,359
1,155.34668294986312,1131,63
-1,8.0,3131,299
-1,3.942932479999996,3331,362
-1,54.8154368,1311,173
1,37.44,3331,244
-1,8.0,3311,327
1,88.0,1331,379
-1,1.6262758399999981,3311,440
1,58.11594380965518,3311,68
1,28.77885936787888,3331,329
1,37.44,1111,416
-1,12.895150079999993,3131,457
-1,10.256469625562723,1331,62
1,174.9135777792,3331,261
1,16.730248698996462,3311,316
1,86.4512,1311,377
-1,117.44,1111,111
-1,41.374401698201595,3111,152
-1,89.48089057255339,3111,208
-1,8.0,3111,252
1,112.97489786941516,3111,392
1,35.80807167999998,3111,5
1,10.64606294105024,3131,385
-1,10.3467008,3131,106
-1,81.5342321664,3131,15
-1,63.347199999999994,1111,17
-1,37.44,3111,374
1,7.186950702864792,1331,407
-1,6.201558630400001,3131,22
1,6.596588157922177,3131,63
-1,1.4586719169937368,3131,241
-1,57.197056,3111,299
-1,80.64,3111,352
-1,-2.6342400000000055,1111,54
1,55.88954626680422,1311,108
-1,8.0,3131,244
-1,39.277055999999995,1111,309
1,86.6142208,3111,390
-1,22.509055999999994,1331,438
1,8.0,1311,453
-1,0.6399999999999935,1111,60
1,8.0,1311,280
1,8.0,1311,468
1,8.0,3331,119
1,26.24736870400001,3131,125
1,43.7541888,3311,212
-1,115.57341569360283,3311,215
-1,88.0,1311,261
1,91.46777600000001,1131,10
1,8.0,3131,33
-1,95.15799934714482,3111,231
-1,8.0,3111,433
-1,34.53695999999999,3331,470
1,0.5631999999999948,1111,480
-1,89.3952,1311,84
1,9.395199999999996,1131,123
-1,-54.17957376000001,3331,124
-1,13.291642879999998,3111,205
1,37.947601715199994,3111,413
-1,82.60096,1131,175
-1,8.0,1111,225
1,39.62876996537549,1311,6
-1,8.0,1311,58
-1,8.877055999999996,1311,280
-1,2.995199999999997,1111,416
-1,88.0,1311,468
-1,80.83439756404326,1111,483
-1,5.981638597017593,3331,119
-1,62.96847419609641,3331,158
-1,-2.6458112000000042,3311,212
1,80.24576,1331,261
-1,0.6399999999999935,3311,324
1,82.7439972352,1331,337
-1,7.039999999999992,3131,33
1,89.3952,3331,82
-1,-32.96000000000001,3331,346
1,81.42389966580744,1311,387
-1,8.0,3311,418
-1,8.0,3331,28
1,110.5184579584,3131,91
-1,8.0,3131,318
1,78.97980928,1311,368
1,0.6399999999999935,3111,374
1,37.44,3311,56
1,47.04,3131,73
-1,52.851200000000006,3131,134
1,-30.563840000000006,3111,302
-1,8.0,3331,351
1,31.602225429469144,3111,54
1,0.6399999999999935,1111,61
-1,0.6399999999999935,1131,225
-1,1.2596428800000012,3111,249
1,30.175932874751993,3331,264
1,-21.932620023962016,3311,390
-1,8.0,3111,92
1,37.44,3331,105
1,137.55166474240002,3331,420
1,8.0,3111,189
-1,101.882568704,1131,479
-1,82.3022321664,3111,284
-1,37.44,1331,285
1,30.963199999999993,3331,169
-1,64.96380927999999,1311,376
1,33.83104108876266,3111,75
1,43.47392045648077,3311,374
1,8.0,1111,63
-1,0.6399999999999935,3131,73
-1,-3.0080000000000098,3311,124
-1,179.93420799999998,3311,202
1,33.13121355117697,1311,436
-1,37.44,3131,487
1,3.0720000000000027,1111,54
1,117.54823582875648,1131,379
-1,63.347199999999994,1131,440
-1,5.829790877614073,3311,6
-1,8.0,3131,456
1,117.44,3131,105
-1,105.25101545619457,3111,117
1,2.063841965375481,3311,119
1,10.191701089871458,3131,273
1,1.2632823208345556,3131,365
1,137.647616,3131,415
-1,87.03999999999999,3111,189
-1,8.0,1311,29
1,37.44,1111,239
-1,30.963199999999993,3111,338
1,33.472,3311,470
1,8.0,1111,1
-1,62.00185169250611,1111,63
1,66.97330043446624,3131,204
1,37.44,1331,256
1,74.62037550121791,3131,299
-1,8.0,3131,442
-1,8.0,3331,323
-1,36.04098693248687,3331,95
-1,-19.07349766099542,3331,131
-1,80.59080708181435,1111,58
1,18.36062126184281,3331,158
1,-32.96000000000001,3111,111
-1,52.400554417531204,3331,455
1,-37.343942600294405,3331,493
1,4.472291079382629,3111,39
-1,38.4,3331,147
1,6.9632000000000005,1331,285
-1,72.64551367475201,3131,343
1,35.228977364992,3311,78
-1,80.64,1111,1
1,-30.563840000000006,3311,124
1,8.0,3131,134
1,-32.96000000000001,3111,229
1,-39.436800000000005,3331,303
-1,59.181256704000006,1131,454
1,33.3952,1131,37
-1,83.46236927999999,3111,111
1,36.8512,3111,340
-1,2.6009599999999935,1131,14
-1,5.918719917266515,3131,142
-1,2.995199999999997,1111,239
-1,143.3472,3311,75
-1,51.15204976640001,3311,56
1,30.963199999999993,3111,134
-1,2.995199999999997,1331,256
1,37.44,3131,373
1,91.5534703230976,3131,413
-1,2.6009599999999935,1311,175
-1,75.695616,3111,229
1,35.041843267065865,3111,243
-1,9.472000000000001,1331,244
1,-8.869623611009274,3111,287
-1,8.0,3311,453
-1,2.995199999999997,1131,416
-1,2.1005546163961526,3131,62
1,-70.83151615678774,3331,389
1,2.700517179391994,3331,189
1,23.476126503250413,3331,346
1,2.995199999999997,3331,455
-1,32.9088,3131,147
1,6.697174630399999,3131,343
-1,127.17768294400001,3311,470
1,10.182124306432002,1331,185
-1,116.81916928,3111,7
-1,83.61033728000001,3331,73
-1,80.3154345984,3131,362
-1,113.26032577304447,3111,54
-1,80.64,3111,453
-1,-12.6579308799761,3111,58
-1,87.03999999999999,1131,62
1,14.896645734399996,3111,143
-1,144.31502952431617,3111,472
-1,143.3472,3311,9
1,2.9007142584319965,1111,216
1,3.010559999999998,3311,285
-1,-10.753061010800636,3311,78
-1,11.093700241323738,3331,115
-1,112.93838706400558,3111,222
-1,82.73490493439999,3131,373
1,8.0,3111,417
-1,57.647616,1111,49
1,124.59919437336038,3331,131
-1,112.38202942248348,1111,186
-1,80.64,3311,60
1,2.8252159999999975,3331,371
-1,24.193536,3311,415
-1,37.44,3331,152
1,-36.08401920000001,3311,203
-1,37.44,3111,232
1,-42.130518016,3331,470
-1,149.762164719616,1311,76
-1,-12.19392656883062,1311,488
-1,55.413411839999995,3111,134
1,67.33368246271999,3311,421
-1,89.47200000000001,3311,442
-1,80.64,3111,417
-1,32.86694576600143,3111,243
-1,63.77973760000001,1331,336
-1,117.44,3331,483
-1,141.952,3311,381
1,116.287864799232,3131,341
1,89.70261541499697,3331,47
1,34.99775999999999,3331,203
1,87.03999999999999,3311,232
1,94.93336771445077,1331,395
1,38.667776,3311,376
-1,7.934232166399994,1331,46
1,3.056717638899073,3311,287
-1,8.0,3331,388
-1,32.39364406244059,1331,410
-1,117.44,1331,416
1,2.995199999999997,3311,415
1,121.71457667508732,3331,152
-1,8.884913766399997,1331,174
1,88.0,3311,134
-1,0.5631999999999948,1311,494
-1,8.0,3331,175
1,8.0,3111,278
-1,43.25320966802422,3111,287
-1,9.217654783999997,3331,458
-1,8.496645734399998,3311,478
1,41.587222433234935,3131,6
1,30.963199999999993,1311,60
1,135.410176,3131,72
1,30.445055999999994,3311,253
1,-32.96000000000001,3331,348
1,-4.076107754691726,3311,307
1,14.1180928,1311,141
-1,83.072,1331,147
-1,-10.928517120000002,3331,203
1,30.9632,3131,270
1,40.71996714052984,3331,289
1,0.8796159999999986,3311,272
1,43.383408428219056,1311,488
1,12.937215803392,3131,8
1,6.668432670719994,3331,124
1,135.47776000000002,1331,179
1,-3.3688234276945934,1331,400
-1,88.0,3111,278
-1,-9.408000000000008,3331,453
-1,-57.29069160119984,3311,195
-1,-42.92149652619265,3331,348
1,-2.4259379200000026,3131,138
-1,8.0,3131,288
-1,-104.00103299804039,3131,37
-1,2.8646457344,3111,5
-1,7.039999999999992,3331,270
-1,3.0934220799999963,3311,376
1,88.0,3331,362
1,80.64,1131,49
-1,1.0912617042905381,3331,140
1,141.27616,3311,278
-1,8.0,3311,309
-1,8.0,1111,451
-1,8.0,3111,274
1,59.020679295631275,3331,36
-1,-1.6579379199999948,3331,105
1,86.40409600000001,1331,117
-1,8.0,3111,282
-1,117.44,3111,288
1,-9.3350912,3311,340
1,5.835775999999996,3131,455
1,2.694862274559995,3131,47
-1,8.0,1331,64
-1,6.259332969306918,1331,407
-1,1.9349771254346564,3131,86
1,81.3952,3331,173
-1,29.713448927232,1311,311
1,112.512,3331,323
1,77.51948288,3331,453
1,37.44,3131,176
1,117.44,3331,285
1,31.65544178703663,3311,30
1,-21.5841792,1131,179
-1,8.0,3331,256
-1,0.315434598399996,3311,362
-1,38.4,3111,497
-1,0.6399999999999935,3331,173
1,89.3952,1111,440
-1,72.94720000000001,3331,481
1,32.57676168033255,3111,58
1,117.44,1131,348
1,37.44,1331,468
-1,117.44,3311,62
1,111.5084857344,1311,210
-1,8.0,1331,364
-1,2.995199999999997,3311,340
1,35.50772838400001,3111,441
1,117.44,3131,50
1,0.5631999999999948,3311,17
-1,8.965113446399997,3111,24
1,-46.20646400000001,3131,104
1,97.66268088381275,3111,180
1,30.963199999999993,3311,453
-1,0.6399999999999935,3111,478
1,81.25964288,3311,165
1,30.89561599999999,3111,415
-1,2.995199999999997,3131,176
1,3.283685035284016,3331,385
1,37.44,1131,103
1,37.44,1111,211
-1,8.0,3111,428
1,110.43964928000001,3331,17
1,88.0,1331,124
-1,85.82510592,1131,179
-1,8.0,3111,442
1,89.47200000000001,1311,311
1,8.0,3111,323
-1,111.03999999999999,3131,225
1,8.0,3331,278
1,80.64,3311,309
-1,4.792544635098494,3311,335
-1,4.277048246271995,1111,475
1,2.995199999999997,3331,481
-1,1.8746615020912643,3331,6
-1,95.435776,1331,468
-1,101.5182262861824,3311,261
1,80.64,1131,33
-1,124.46105458152385,1131,152
-1,86.40797760392036,3111,207
-1,-14.512491914854408,3111,482
1,0.6399999999999935,3111,338
1,5.3849851556629105,3311,385
1,4.408576798519427,1111,199
-1,-0.7860721355430158,3311,17
-1,-9.408000000000008,1331,314
-1,88.0,1311,124
-1,82.45211822131512,1131,204
1,8.0,1111,497
1,11.157718630399998,1131,373
-1,66.73695634227201,3131,104
-1,30.963199999999993,3331,278
1,-39.436800000000005,1331,438
1,11.37063075217155,1311,364
1,32.512,1111,33
-1,8.392536555519996,3111,441
1,110.9632,3131,142
1,32.512,3311,338
-1,2.995199999999997,1131,103
-1,2.995199999999997,1111,211
1,89.3455335424,1111,7
1,88.0,1331,497
1,91.08929983283201,3111,24
1,87.11016448000001,3331,225
1,86.141079336153,1331,245
1,93.0615746263222,3111,304
-1,0.6399999999999935,3331,197
1,139.79337159475202,3331,220
-1,0.5631999999999948,3131,270
1,2.995199999999997,1331,314
-1,89.327616,3311,112
1,8.0,1311,129
-1,56.86682599214802,1331,400
1,-32.96000000000001,1311,497
1,6.165647506954308,1111,364
-1,90.8288,3111,393
1,37.3632,3331,10
-1,82.12897136640001,1311,33
1,88.0,1331,375
-1,8.0,3331,387
-1,8.0,3131,477
1,88.0,3131,482
1,88.0,1331,23
-1,1.971548014849816,3131,47
-1,47.04,1111,141
1,88.0,3131,286
-1,37.44,3331,338
1,8.0,1111,185
-1,40.5632,1131,38
-1,91.46777600000001,3111,78
-1,10.694542950399999,1311,30
-1,8.0,1311,129
-1,5.386694597017595,3111,421
-1,-31.075840000000007,1311,497
-1,6.511616000000004,3131,173
1,83.57573510149375,3131,323
-1,8.0,3311,161
1,2.995199999999997,3311,249
-1,8.0,3111,68
-1,8.0,1111,165
1,89.3952,3131,62
-1,8.0,3111,70
-1,8.0,3331,83
-1,8.0,1111,146
1,3.298222079999995,3131,439
1,8.0,3131,77
1,37.44,3311,21
1,8.0,3311,136
1,115.467776,1131,189
-1,8.0,3331,207
1,143.3472,3331,231
-1,37.44,3331,265
1,124.25607167999999,1111,375
-1,30.229213970432,3331,479
1,30.445055999999994,3111,493
-1,8.0,1331,9
-1,88.0,3131,239
1,117.44,1331,257
1,63.347199999999994,3331,286
1,117.44,3331,344
1,117.44,1331,423
1,118.4,1131,447
-1,8.0,3331,498
-1,8.0,3331,44
-1,80.9946711486628,3111,169
-1,80.64,1111,185
-1,-7.052800000000005,1331,298
-1,37.44,1331,376
-1,53.46310307839999,3331,484
1,-46.20646400000001,1111,34
1,8.0,1131,222
1,8.0,1111,224
1,0.6399999999999935,3311,314
1,9.042862079999999,3331,56
-1,37.44,3311,63
-1,38.4,3331,69
1,-32.96000000000001,3331,127
1,8.0,1331,129
1,47.04,3331,202
-1,111.36145408,3311,352
-1,37.44,3131,436
-1,37.44,3311,496
-1,85.099008,1111,497
1,117.44,3311,80
1,37.44,3311,201
-1,8.0,1131,311
1,118.4,3331,326
-1,8.0,1311,66
-1,8.0,3331,81
-1,8.0,3331,161
1,49.675776,3331,177
1,8.0,1131,243
-1,8.0,3331,245
1,42.635776,3331,249
-1,8.0,3331,279
1,10.995199999999997,3331,304
-1,72.94720000000001,3331,460
1,36.05864890368,3331,471
-1,88.0,3111,60
-1,37.44,1111,68
-1,8.0,1131,409
-1,0.9084927999999977,1131,456
-1,141.952,3131,41
-1,-7.052800000000005,3331,70
-1,117.44,3331,114
-1,-7.052800000000005,3331,120
-1,37.44,3311,133
1,-30.324224000000008,3331,143
-1,-7.052800000000005,3331,146
-1,-7.052800000000005,3331,210
-1,8.0,3131,259
1,117.44,1111,464
1,8.0,3111,490
-1,30.963199999999993,3131,77
1,143.3472,3331,288
-1,8.0,3331,111
1,37.44,1331,194
-1,117.44,3331,433
1,38.4,3331,5
1,119.277056,1311,23
1,0.6399999999999935,1111,141
-1,117.44,1331,150
1,117.44,3331,164
-1,8.0,3331,216
-1,-7.052800000000005,3331,239
-1,8.0,1331,284
1,113.03577600000001,3331,338
1,8.0,3331,397
1,106.20807167999999,1331,422
1,47.04,3111,76
-1,97.44,1131,211
-1,15.745535999999994,3311,144
1,8.0,3131,222
1,37.44,1131,224
-1,8.0,1131,46
-1,8.0,1311,63
-1,-39.436800000000005,3331,127
-1,80.64,1331,129
-1,0.6399999999999935,3331,202
-1,8.0,3331,421
-1,8.0,1311,205
1,8.0,3331,417
1,8.0,3131,108
-1,-39.436800000000005,3331,177
-1,117.44,3331,242
-1,68.0,1331,243
-1,8.0,3131,245
1,117.44,1331,303
-1,-39.436800000000005,3331,304
1,117.44,3331,350
-1,4.5416448,3311,438
-1,117.44,3131,60
-1,117.44,3331,253
-1,35.80807167999998,3331,274
-1,111.03999999999999,1111,409
1,117.44,1331,125
-1,-39.436800000000005,3331,143
1,33.360571957387755,3111,364
1,30.47251534543493,1311,381
1,111.62777600000001,1311,396
-1,8.0,1311,486
-1,88.0,3111,490
1,117.44,3331,2
1,8.0,3311,10
-1,2.995199999999997,3311,21
-1,-7.052800000000005,3331,37
-1,4.177987088291822,3331,87
-1,72.94720000000001,1311,213
-1,8.0,3331,341
-1,37.44,1331,380
-1,37.44,3331,477
1,37.44,3331,482
-1,37.44,3331,176
1,110.89561599999999,3331,270
1,8.0,3331,394
1,8.0,1331,397
-1,8.0,3331,447
-1,0.6399999999999935,3111,76
1,-2.480517120000002,1331,298
-1,-2.9891379200000117,1311,7
-1,-37.36422400000001,1111,34
-1,90.9632,3131,222
1,54.400000000000006,1131,446
-1,117.44,3311,465
1,81.3952,3311,121
1,113.03577600000001,3131,436
-1,2.995199999999997,3311,201
1,80.16315742735564,1131,326
-1,37.44,3311,351
-1,30.963199999999993,3331,417
1,47.04,3331,61
-1,137.647616,3131,108
1,33.035776000000006,3331,460
1,8.0,1331,165
-1,8.0,3111,333
1,50.396159999999995,3331,70
1,77.51948288,3331,120
1,77.51948288,3331,146
1,77.51948288,3331,210
-1,8.0,1331,255
-1,8.0,3111,259
-1,0.6399999999999935,1311,396
1,48.87082549087568,3311,430
-1,117.44,3311,486
1,8.0,3311,490
-1,-7.796224000000009,3311,10
1,91.46777600000001,1331,149
-1,2.995199999999997,1331,194
1,-32.96000000000001,3111,170
1,42.635776,3331,239
1,143.3472,1331,385
-1,30.963199999999993,3331,394
1,63.347199999999994,1331,469
1,117.44,3331,480
-1,2.995199999999997,1131,224
-1,8.0,1331,331
-1,0.6399999999999935,1131,446
1,63.347199999999994,3331,1
-1,1.0349772642713617,3131,8
1,8.0,3311,69
-1,0.6399999999999935,3311,121
1,118.4,3311,347
1,80.80348458242408,1331,326
-1,0.6399999999999935,3331,61
-1,8.0,1331,266
1,137.647616,3331,287
1,57.19164927999999,3331,379
1,80.239616,1331,453
-1,0.6399999999999935,1331,165
1,8.0,3311,454
-1,8.0,1131,457
-1,117.44,3331,41
-1,-2.983731200000001,1331,443
-1,87.03999999999999,3311,490
-1,45.296645734399995,3311,495
1,63.347199999999994,1311,25
1,33.035776000000006,3331,37
1,37.44,3331,136
1,113.03577600000001,1331,380
1,113.03577600000001,3331,477
-1,2.995199999999997,3331,482
-1,8.0,1331,26
-1,-31.488000000000007,3111,170
-1,10.694542950399999,1331,30
1,88.0,3311,63
-1,83.072,3311,69
-1,0.6399999999999935,1331,421
-1,0.6399999999999935,1331,205
1,2.4306323947519957,3111,104
1,37.44,1131,186
1,8.0,3131,330
-1,80.64,3331,454
-1,8.0,3331,126
1,79.98030519730176,3131,366
1,88.0,3331,437
1,117.3632,1331,408
1,2.995199999999997,1311,213
1,89.96522924441601,3331,441
-1,114.4576,3331,5
1,8.0,3111,247
1,8.0,3131,211
-1,88.0,1331,115
1,8.0,1331,446
1,8.0,3331,63
1,86.64576,3331,69
1,89.47200000000001,1311,347
1,82.99520000000001,3311,496
1,88.0,3331,40
1,8.0,3131,24
-1,88.0,3331,355
-1,80.64,3131,330
-1,8.0,1111,333
1,88.0,1331,70
-1,88.0,3331,255
-1,8.0,3311,473
-1,0.6399999999999935,3331,136
-1,8.0,3331,306
-1,8.0,3331,29
-1,5.039597485143162,3311,98
-1,-4.913141959209526,3111,247
